,Close
2004-08-25,987.95
2004-08-26,979.0
2004-08-27,962.65
2004-08-30,986.75
2004-08-31,988.1
2004-09-01,987.9
2004-09-02,993.65
2004-09-03,997.85
2004-09-06,994.85
2004-09-07,995.6
2004-09-08,993.7
2004-09-09,979.95
2004-09-10,988.8
2004-09-13,1003.5
2004-09-14,1015.65
2004-09-15,1006.1
2004-09-16,1008.45
2004-09-17,1024.5
2004-09-20,1022.9
2004-09-21,1045.8
2004-09-22,1052.05
2004-09-23,1030.25
2004-09-24,1028.8
2004-09-27,1020.75
2004-09-28,1015.55
2004-09-29,1031.0
2004-09-30,1027.1
2004-10-01,1047.7
2004-10-04,1076.5
2004-10-05,1080.7
2004-10-06,1081.6
2004-10-07,1097.1
2004-10-08,1098.05
2004-10-09,1100.65
2004-10-11,1089.3
2004-10-12,1084.45
2004-10-14,1116.2
2004-10-15,1126.0
2004-10-18,1137.25
2004-10-19,1143.2
2004-10-20,1133.25
2004-10-21,1125.55
2004-10-25,1117.35
2004-10-26,1137.2
2004-10-27,1139.9
2004-10-28,1165.95
2004-10-29,1156.25
2004-11-01,1170.65
2004-11-02,1159.7
2004-11-03,1175.2
2004-11-04,1170.4
2004-11-05,1165.45
2004-11-08,1184.15
2004-11-09,1188.4
2004-11-10,1194.35
2004-11-11,1196.25
2004-11-12,1196.75
2004-11-16,1190.9
2004-11-17,1205.4
2004-11-18,1231.0
2004-11-19,1217.1
2004-11-22,1222.45
2004-11-23,1235.55
2004-11-24,1233.9
2004-11-25,1216.85
2004-11-29,1243.9
2004-11-30,1274.65
2004-12-01,1261.55
2004-12-02,1242.6
2004-12-03,1236.75
2004-12-06,1214.55
2004-12-07,1218.25
2004-12-08,1200.8
2004-12-09,1211.45
2004-12-10,1225.65
2004-12-13,1236.15
2004-12-14,1233.15
2004-12-15,1245.5
2004-12-16,1262.65
2004-12-17,1256.5
2004-12-20,1262.55
2004-12-21,1272.7
2004-12-22,1240.15
2004-12-23,1227.85
2004-12-24,1267.95
2004-12-27,1270.55
2004-12-28,1309.35
2004-12-29,1320.25
2004-12-30,1296.65
2004-12-31,1335.45
2005-01-03,1353.25
2005-01-04,1341.25
2005-01-05,1325.0
2005-01-06,1320.45
2005-01-07,1339.95
2005-01-10,1327.45
2005-01-11,1313.75
2005-01-12,1298.05
2005-01-13,1292.9
2005-01-14,1296.4
2005-01-17,1263.25
2005-01-18,1263.85
2005-01-19,1255.4
2005-01-20,1243.7
2005-01-24,1220.65
2005-01-25,1235.45
2005-01-27,1240.55
2005-01-28,1289.2
2005-01-31,1300.4
2005-02-01,1315.25
2005-02-02,1308.95
2005-02-03,1311.1
2005-02-04,1306.45
2005-02-07,1313.75
2005-02-08,1316.0
2005-02-09,1332.8
2005-02-10,1332.65
2005-02-11,1381.75
2005-02-14,1409.65
2005-02-15,1381.35
2005-02-16,1368.15
2005-02-17,1381.85
2005-02-18,1375.0
2005-02-21,1365.55
2005-02-22,1363.45
2005-02-23,1374.95
2005-02-24,1367.95
2005-02-25,1364.05
2005-02-28,1380.9
2005-03-01,1357.45
2005-03-02,1368.0
2005-03-03,1389.55
2005-03-04,1392.25
2005-03-07,1400.2
2005-03-08,1413.95
2005-03-09,1407.5
2005-03-10,1399.55
2005-03-11,1427.45
2005-03-14,1451.85
2005-03-15,1442.65
2005-03-16,1452.05
2005-03-17,1460.95
2005-03-18,1468.7
2005-03-21,1456.45
2005-03-22,1443.55
2005-03-23,1421.25
2005-03-24,1384.35
2005-03-28,1392.4
2005-03-29,1370.9
2005-03-30,1390.55
2005-03-31,1432.05
2005-04-01,1450.95
2005-04-04,1427.75
2005-04-05,1425.45
2005-04-06,1441.35
2005-04-07,1425.2
2005-04-08,1393.55
2005-04-11,1363.6
2005-04-12,1382.0
2005-04-13,1401.6
2005-04-15,1319.0
2005-04-18,1318.65
2005-04-19,1208.7
2005-04-20,1116.2
2005-04-21,1142.4
2005-04-22,1166.75
2005-04-25,1156.95
2005-04-26,1136.7
2005-04-27,1115.65
2005-04-28,1114.8
2005-04-29,1131.1
2005-05-02,1128.9
2005-05-03,1108.6
2005-05-04,1120.85
2005-05-05,1136.85
2005-05-06,1167.5
2005-05-09,1175.25
2005-05-10,1152.5
2005-05-11,1149.1
2005-05-12,1146.75
2005-05-13,1148.6
2005-05-16,1154.3
2005-05-17,1150.55
2005-05-18,1142.7
2005-05-19,1162.5
2005-05-20,1169.65
2005-05-23,1223.8
2005-05-24,1234.85
2005-05-25,1260.55
2005-05-26,1290.05
2005-05-27,1269.2
2005-05-30,1319.1
2005-05-31,1334.25
2005-06-01,1304.5
2005-06-02,1268.55
2005-06-03,1293.15
2005-06-04,1281.6
2005-06-06,1280.4
2005-06-07,1277.65
2005-06-08,1292.1
2005-06-09,1277.3
2005-06-10,1266.15
2005-06-13,1271.65
2005-06-14,1266.05
2005-06-15,1272.15
2005-06-16,1277.7
2005-06-17,1267.65
2005-06-20,1295.9
2005-06-21,1305.1
2005-06-22,1333.35
2005-06-23,1307.4
2005-06-24,1325.75
2005-06-27,1316.45
2005-06-28,1323.55
2005-06-29,1332.55
2005-06-30,1358.1
2005-07-01,1352.4
2005-07-04,1359.05
2005-07-05,1320.2
2005-07-06,1323.1
2005-07-07,1309.65
2005-07-08,1311.1
2005-07-11,1326.05
2005-07-12,1285.9
2005-07-13,1270.75
2005-07-14,1225.0
2005-07-15,1248.45
2005-07-18,1322.2
2005-07-19,1319.15
2005-07-20,1308.25
2005-07-21,1290.3
2005-07-22,1293.95
2005-07-25,1284.35
2005-07-26,1265.25
2005-07-27,1284.5
2005-07-29,1268.8
2005-08-01,1252.2
2005-08-02,1290.3
2005-08-03,1300.75
2005-08-04,1295.25
2005-08-05,1285.4
2005-08-08,1283.05
2005-08-09,1284.4
2005-08-10,1313.05
2005-08-11,1312.85
2005-08-12,1282.85
2005-08-16,1269.05
2005-08-17,1299.15
2005-08-18,1313.7
2005-08-19,1325.35
2005-08-22,1317.85
2005-08-23,1316.05
2005-08-24,1295.7
2005-08-25,1323.65
2005-08-26,1364.75
2005-08-29,1355.35
2005-08-30,1384.35
2005-08-31,1404.85
2005-09-01,1424.25
2005-09-02,1427.2
2005-09-05,1410.25
2005-09-06,1398.45
2005-09-08,1406.1
2005-09-09,1391.95
2005-09-12,1430.2
2005-09-13,1422.4
2005-09-14,1400.15
2005-09-15,1449.9
2005-09-16,1457.6
2005-09-19,1454.15
2005-09-20,1470.45
2005-09-21,1453.65
2005-09-22,1401.45
2005-09-23,1412.45
2005-09-26,1465.9
2005-09-27,1462.3
2005-09-28,1469.5
2005-09-29,1472.85
2005-09-30,1482.35
2005-10-03,1497.9
2005-10-04,1489.75
2005-10-05,1470.0
2005-10-06,1424.65
2005-10-07,1444.8
2005-10-10,1448.5
2005-10-11,1467.75
2005-10-13,1441.3
2005-10-14,1424.05
2005-10-17,1434.15
2005-10-18,1440.95
2005-10-19,1401.6
2005-10-20,1416.35
2005-10-21,1428.25
2005-10-24,1407.5
2005-10-25,1440.0
2005-10-26,1422.25
2005-10-27,1401.3
2005-10-28,1362.15
2005-10-31,1401.25
2005-11-01,1409.6
2005-11-02,1429.0
2005-11-07,1464.75
2005-11-08,1477.0
2005-11-09,1456.8
2005-11-10,1469.75
2005-11-11,1482.65
2005-11-14,1510.3
2005-11-16,1511.7
2005-11-17,1507.65
2005-11-18,1526.95
2005-11-21,1518.65
2005-11-22,1499.85
2005-11-23,1516.65
2005-11-24,1524.25
2005-11-25,1533.7
2005-11-26,1538.85
2005-11-28,1547.65
2005-11-29,1545.35
2005-11-30,1521.1
2005-12-01,1550.1
2005-12-02,1550.0
2005-12-05,1531.35
2005-12-06,1554.0
2005-12-07,1595.55
2005-12-08,1616.55
2005-12-09,1682.7
2005-12-12,1650.2
2005-12-13,1667.6
2005-12-14,1683.9
2005-12-15,1682.8
2005-12-16,1714.4
2005-12-19,1734.55
2005-12-20,1693.5
2005-12-21,1686.1
2005-12-22,1684.7
2005-12-23,1671.75
2005-12-26,1662.9
2005-12-27,1698.15
2005-12-28,1685.65
2005-12-29,1710.05
2005-12-30,1702.85
2006-01-02,1687.6
2006-01-03,1733.2
2006-01-04,1743.1
2006-01-05,1732.35
2006-01-06,1705.6
2006-01-09,1688.95
2006-01-10,1672.5
2006-01-12,1673.7
2006-01-13,1651.75
2006-01-16,1608.75
2006-01-17,1623.4
2006-01-18,1619.55
2006-01-19,1650.35
2006-01-20,1644.0
2006-01-23,1622.15
2006-01-24,1642.6
2006-01-25,1651.2
2006-01-27,1659.15
2006-01-30,1658.9
2006-01-31,1670.4
2006-02-01,1666.65
2006-02-02,1636.8
2006-02-03,1630.8
2006-02-06,1679.05
2006-02-07,1674.1
2006-02-08,1662.5
2006-02-10,1669.6
2006-02-13,1651.0
2006-02-14,1618.55
2006-02-15,1619.35
2006-02-16,1629.15
2006-02-17,1625.0
2006-02-20,1649.85
2006-02-21,1666.0
2006-02-22,1661.85
2006-02-23,1670.55
2006-02-24,1670.05
2006-02-27,1690.35
2006-02-28,1700.8
2006-03-01,1740.2
2006-03-02,1741.8
2006-03-03,1705.75
2006-03-06,1744.3
2006-03-07,1724.7
2006-03-08,1722.55
2006-03-09,1724.85
2006-03-10,1763.65
2006-03-13,1828.6
2006-03-14,1803.15
2006-03-16,1835.4
2006-03-17,1861.0
2006-03-20,1908.0
2006-03-21,1915.2
2006-03-22,1893.35
2006-03-23,1874.2
2006-03-24,1891.45
2006-03-27,1890.95
2006-03-28,1887.6
2006-03-29,1898.15
2006-03-30,1968.1
2006-03-31,1915.5
2006-04-03,1950.75
2006-04-04,1948.55
2006-04-05,1932.05
2006-04-07,1889.25
2006-04-10,1894.1
2006-04-12,1780.8
2006-04-13,1797.15
2006-04-17,1906.55
2006-04-18,2009.5
2006-04-19,2012.75
2006-04-20,1989.9
2006-04-21,1999.05
2006-04-24,1979.25
2006-04-25,1926.95
2006-04-26,1942.35
2006-04-27,1945.85
2006-04-28,1978.05
2006-04-29,1979.35
2006-05-02,2013.15
2006-05-03,2031.55
2006-05-04,2043.7
2006-05-05,2006.65
2006-05-08,2019.45
2006-05-09,2024.85
2006-05-10,2021.7
2006-05-11,2018.7
2006-05-12,1996.15
2006-05-15,1960.9
2006-05-16,1974.7
2006-05-17,2016.55
2006-05-18,1925.65
2006-05-19,1892.35
2006-05-22,1780.5
2006-05-23,1830.2
2006-05-24,1790.65
2006-05-25,1876.95
2006-05-26,1866.35
2006-05-29,1850.55
2006-05-30,1860.35
2006-05-31,1782.9
2006-06-01,1709.35
2006-06-02,1794.0
2006-06-05,1767.6
2006-06-06,1748.9
2006-06-07,1703.95
2006-06-08,1647.9
2006-06-09,1671.15
2006-06-12,1638.75
2006-06-13,1570.35
2006-06-14,1483.65
2006-06-15,1550.55
2006-06-16,1685.0
2006-06-19,1668.35
2006-06-20,1607.35
2006-06-21,1641.3
2006-06-22,1676.75
2006-06-23,1694.85
2006-06-25,1700.35
2006-06-26,1633.5
2006-06-27,1644.55
2006-06-28,1698.6
2006-06-29,1680.8
2006-06-30,1738.75
2006-07-03,1800.2
2006-07-04,1815.1
2006-07-05,1842.6
2006-07-06,1804.3
2006-07-07,1746.7
2006-07-10,1798.35
2006-07-11,1769.95
2006-07-12,1890.3
2006-07-13,1867.35
2006-07-14,1874.3
2006-07-17,1859.0
2006-07-18,1834.5
2006-07-19,1757.55
2006-07-20,1806.15
2006-07-21,1767.55
2006-07-24,1818.05
2006-07-25,1847.3
2006-07-26,1888.8
2006-07-27,1899.7
2006-07-28,928.45
2006-07-31,936.15
2006-08-01,932.0
2006-08-02,940.2
2006-08-03,944.7
2006-08-04,948.55
2006-08-07,936.1
2006-08-08,954.8
2006-08-09,966.1
2006-08-10,965.75
2006-08-11,967.6
2006-08-14,964.65
2006-08-16,972.2
2006-08-17,960.15
2006-08-18,969.7
2006-08-21,969.3
2006-08-22,975.4
2006-08-23,963.1
2006-08-24,970.4
2006-08-25,974.4
2006-08-28,981.1
2006-08-29,990.1
2006-08-30,983.8
2006-08-31,998.05
2006-09-01,999.25
2006-09-04,1017.15
2006-09-05,1005.8
2006-09-06,993.6
2006-09-07,986.7
2006-09-08,991.0
2006-09-11,953.45
2006-09-12,977.9
2006-09-13,999.95
2006-09-14,1013.4
2006-09-15,1002.7
2006-09-18,996.15
2006-09-19,1010.05
2006-09-20,1030.05
2006-09-21,1053.0
2006-09-22,1039.55
2006-09-25,1025.6
2006-09-26,1044.3
2006-09-27,1042.65
2006-09-28,1020.45
2006-09-29,1022.05
2006-10-03,1014.3
2006-10-04,987.4
2006-10-05,999.75
2006-10-06,994.2
2006-10-09,1002.15
2006-10-10,1011.5
2006-10-11,1044.75
2006-10-12,1082.55
2006-10-13,1103.6
2006-10-16,1129.7
2006-10-17,1116.9
2006-10-18,1106.25
2006-10-19,1092.4
2006-10-20,1089.6
2006-10-21,1090.55
2006-10-23,1080.1
2006-10-26,1079.25
2006-10-27,1074.65
2006-10-30,1079.35
2006-10-31,1087.1
2006-11-01,1083.2
2006-11-02,1080.05
2006-11-03,1066.95
2006-11-06,1059.4
2006-11-07,1065.15
2006-11-08,1063.3
2006-11-09,1063.6
2006-11-10,1068.7
2006-11-13,1075.75
2006-11-14,1106.25
2006-11-15,1096.8
2006-11-16,1087.35
2006-11-17,1095.15
2006-11-20,1117.85
2006-11-21,1148.55
2006-11-22,1148.1
2006-11-23,1144.15
2006-11-24,1150.0
2006-11-27,1160.8
2006-11-28,1149.85
2006-11-29,1164.55
2006-11-30,1198.8
2006-12-01,1189.35
2006-12-04,1192.4
2006-12-05,1191.9
2006-12-06,1198.6
2006-12-07,1194.3
2006-12-08,1176.9
2006-12-11,1173.45
2006-12-12,1120.5
2006-12-13,1120.85
2006-12-14,1149.6
2006-12-15,1160.2
2006-12-18,1181.25
2006-12-19,1141.85
2006-12-20,1128.75
2006-12-21,1136.95
2006-12-22,1153.95
2006-12-26,1191.4
2006-12-27,1196.0
2006-12-28,1211.9
2006-12-29,1222.0
2007-01-02,1248.5
2007-01-03,1280.15
2007-01-04,1259.05
2007-01-05,1263.0
2007-01-08,1243.8
2007-01-09,1256.4
2007-01-10,1235.4
2007-01-11,1277.65
2007-01-12,1323.95
2007-01-15,1326.35
2007-01-16,1324.1
2007-01-17,1304.65
2007-01-18,1315.45
2007-01-19,1298.15
2007-01-22,1313.45
2007-01-23,1302.7
2007-01-24,1307.15
2007-01-25,1315.45
2007-01-29,1297.75
2007-01-31,1277.9
2007-02-01,1292.05
2007-02-02,1300.5
2007-02-05,1305.8
2007-02-06,1298.4
2007-02-07,1306.3
2007-02-08,1304.5
2007-02-09,1287.4
2007-02-12,1255.8
2007-02-13,1252.9
2007-02-14,1260.75
2007-02-15,1292.25
2007-02-19,1309.8
2007-02-20,1299.55
2007-02-21,1283.85
2007-02-22,1294.3
2007-02-23,1277.35
2007-02-26,1286.1
2007-02-27,1264.15
2007-02-28,1193.4
2007-03-01,1254.65
2007-03-02,1208.55
2007-03-05,1155.55
2007-03-06,1197.25
2007-03-07,1191.8
2007-03-08,1218.4
2007-03-09,1212.15
2007-03-12,1235.0
2007-03-13,1265.4
2007-03-14,1213.55
2007-03-15,1234.3
2007-03-16,1237.65
2007-03-19,1260.9
2007-03-20,1253.0
2007-03-21,1267.0
2007-03-22,1303.05
2007-03-23,1288.2
2007-03-26,1261.35
2007-03-28,1201.0
2007-03-29,1248.35
2007-03-30,1233.85
2007-04-02,1189.2
2007-04-03,1202.65
2007-04-04,1198.4
2007-04-05,1194.2
2007-04-09,1217.2
2007-04-10,1197.35
2007-04-11,1190.55
2007-04-12,1200.95
2007-04-13,1262.0
2007-04-16,1280.25
2007-04-17,1250.25
2007-04-18,1247.5
2007-04-19,1242.9
2007-04-20,1257.65
2007-04-23,1247.8
2007-04-24,1224.85
2007-04-25,1221.35
2007-04-26,1240.4
2007-04-27,1234.5
2007-04-30,1266.0
2007-05-03,1290.2
2007-05-04,1273.05
2007-05-07,1272.9
2007-05-08,1266.55
2007-05-09,1239.5
2007-05-10,1229.7
2007-05-11,1252.55
2007-05-14,1250.25
2007-05-15,1238.05
2007-05-16,1224.2
2007-05-17,1250.0
2007-05-18,1252.85
2007-05-21,1237.05
2007-05-22,1230.65
2007-05-23,1233.4
2007-05-24,1224.75
2007-05-25,1229.95
2007-05-28,1225.5
2007-05-29,1231.15
2007-05-30,1215.65
2007-05-31,1208.35
2007-06-01,1218.7
2007-06-04,1208.1
2007-06-05,1208.05
2007-06-06,1200.35
2007-06-07,1207.0
2007-06-08,1220.1
2007-06-11,1221.35
2007-06-12,1217.35
2007-06-13,1203.25
2007-06-14,1204.55
2007-06-15,1184.4
2007-06-18,1162.6
2007-06-19,1160.0
2007-06-20,1147.0
2007-06-21,1145.6
2007-06-22,1139.95
2007-06-25,1125.75
2007-06-26,1121.75
2007-06-27,1133.15
2007-06-28,1136.85
2007-06-29,1149.35
2007-07-02,1134.45
2007-07-03,1127.6
2007-07-04,1117.65
2007-07-05,1111.65
2007-07-06,1158.65
2007-07-09,1176.75
2007-07-10,1183.15
2007-07-11,1148.9
2007-07-12,1162.55
2007-07-13,1136.0
2007-07-16,1128.3
2007-07-17,1155.75
2007-07-18,1166.65
2007-07-19,1182.2
2007-07-20,1175.9
2007-07-23,1190.95
2007-07-24,1171.9
2007-07-25,1148.2
2007-07-26,1189.1
2007-07-27,1153.0
2007-07-30,1136.45
2007-07-31,1156.3
2007-08-01,1115.15
2007-08-02,1095.15
2007-08-03,1096.9
2007-08-06,1099.45
2007-08-07,1109.3
2007-08-08,1152.6
2007-08-09,1145.7
2007-08-10,1144.5
2007-08-13,1134.5
2007-08-14,1130.25
2007-08-16,1088.0
2007-08-17,1056.15
2007-08-20,1055.55
2007-08-21,1015.25
2007-08-22,1025.9
2007-08-23,1007.9
2007-08-24,1018.4
2007-08-27,1026.5
2007-08-28,1028.75
2007-08-29,1031.6
2007-08-30,1046.0
2007-08-31,1064.35
2007-09-03,1061.25
2007-09-04,1066.1
2007-09-05,1072.35
2007-09-06,1078.0
2007-09-07,1076.25
2007-09-10,1047.25
2007-09-11,1023.35
2007-09-12,1015.6
2007-09-13,1030.8
2007-09-14,1022.45
2007-09-17,997.65
2007-09-18,1002.45
2007-09-19,1023.05
2007-09-20,1002.05
2007-09-21,1017.8
2007-09-24,1007.25
2007-09-25,1001.7
2007-09-26,1040.75
2007-09-27,1062.5
2007-09-28,1060.15
2007-10-01,1041.65
2007-10-03,1079.2
2007-10-04,1079.3
2007-10-05,1072.8
2007-10-08,1078.35
2007-10-09,1094.95
2007-10-10,1125.5
2007-10-11,1072.0
2007-10-12,1063.5
2007-10-15,1074.15
2007-10-16,1068.4
2007-10-17,1094.7
2007-10-18,1123.85
2007-10-19,1108.85
2007-10-22,1071.95
2007-10-23,1063.6
2007-10-24,1048.0
2007-10-25,1049.6
2007-10-26,1071.3
2007-10-29,1068.0
2007-10-30,1048.5
2007-10-31,1038.0
2007-11-01,1023.05
2007-11-02,1021.2
2007-11-05,1011.3
2007-11-06,1004.3
2007-11-07,997.05
2007-11-08,989.65
2007-11-09,985.25
2007-11-12,963.85
2007-11-13,947.35
2007-11-14,986.7
2007-11-15,980.2
2007-11-16,982.9
2007-11-19,993.5
2007-11-20,961.3
2007-11-21,944.8
2007-11-22,950.2
2007-11-23,960.95
2007-11-26,985.1
2007-11-27,995.95
2007-11-28,976.5
2007-11-29,966.05
2007-11-30,1012.2
2007-12-03,1049.9
2007-12-04,1029.7
2007-12-05,1033.2
2007-12-06,1035.55
2007-12-07,1062.6
2007-12-10,1035.6
2007-12-11,1041.3
2007-12-12,1053.4
2007-12-13,1029.6
2007-12-14,1040.4
2007-12-17,1012.4
2007-12-18,1010.45
2007-12-19,1024.5
2007-12-20,1045.35
2007-12-24,1109.7
2007-12-26,1100.3
2007-12-27,1110.75
2007-12-28,1082.15
2007-12-31,1077.4
2008-01-01,1054.55
2008-01-02,1050.0
2008-01-03,1011.05
2008-01-04,1005.2
2008-01-07,975.6
2008-01-08,987.85
2008-01-09,996.3
2008-01-10,981.65
2008-01-11,989.75
2008-01-14,961.15
2008-01-15,940.0
2008-01-16,944.95
2008-01-17,922.7
2008-01-18,903.2
2008-01-21,831.05
2008-01-22,798.25
2008-01-23,871.95
2008-01-24,843.25
2008-01-25,884.6
2008-01-28,854.3
2008-01-29,867.7
2008-01-30,869.85
2008-01-31,873.75
2008-02-01,929.5
2008-02-04,975.65
2008-02-05,955.05
2008-02-06,906.1
2008-02-07,879.05
2008-02-08,898.4
2008-02-11,906.1
2008-02-12,864.65
2008-02-13,868.95
2008-02-14,873.8
2008-02-15,872.7
2008-02-18,853.2
2008-02-19,875.45
2008-02-20,886.1
2008-02-21,914.65
2008-02-22,900.55
2008-02-25,900.75
2008-02-26,898.4
2008-02-27,877.55
2008-02-28,880.9
2008-02-29,877.4
2008-03-03,848.6
2008-03-04,858.8
2008-03-05,875.3
2008-03-07,846.15
2008-03-10,833.65
2008-03-11,823.5
2008-03-12,823.55
2008-03-13,779.7
2008-03-14,803.85
2008-03-17,791.85
2008-03-18,817.7
2008-03-19,811.45
2008-03-24,823.7
2008-03-25,876.5
2008-03-26,878.35
2008-03-27,852.5
2008-03-28,871.05
2008-03-31,810.45
2008-04-01,832.35
2008-04-02,851.25
2008-04-03,885.4
2008-04-04,872.9
2008-04-07,904.1
2008-04-08,887.35
2008-04-09,876.25
2008-04-10,899.55
2008-04-11,908.0
2008-04-15,974.15
2008-04-16,971.9
2008-04-17,1000.9
2008-04-21,993.4
2008-04-22,887.2
2008-04-23,889.15
2008-04-24,890.75
2008-04-25,889.3
2008-04-28,881.7
2008-04-29,910.55
2008-04-30,921.0
2008-05-02,943.75
2008-05-05,927.45
2008-05-06,937.05
2008-05-07,966.75
2008-05-08,947.0
2008-05-09,917.0
2008-05-12,926.9
2008-05-13,905.05
2008-05-14,971.15
2008-05-15,984.75
2008-05-16,981.05
2008-05-20,956.1
2008-05-21,965.1
2008-05-22,961.15
2008-05-23,932.4
2008-05-26,955.45
2008-05-27,968.9
2008-05-28,1009.45
2008-05-29,994.65
2008-05-30,1039.15
2008-06-02,983.85
2008-06-03,975.15
2008-06-04,956.75
2008-06-05,981.85
2008-06-06,966.2
2008-06-09,914.1
2008-06-10,879.0
2008-06-11,890.35
2008-06-12,888.25
2008-06-13,909.6
2008-06-16,910.8
2008-06-17,921.3
2008-06-18,900.9
2008-06-19,888.0
2008-06-20,863.85
2008-06-23,858.45
2008-06-24,844.4
2008-06-25,876.8
2008-06-26,881.35
2008-06-27,865.5
2008-06-30,858.2
2008-07-01,847.7
2008-07-02,876.5
2008-07-03,856.65
2008-07-04,844.5
2008-07-07,852.25
2008-07-08,830.2
2008-07-09,876.75
2008-07-10,868.4
2008-07-11,798.6
2008-07-14,767.85
2008-07-15,750.65
2008-07-16,728.1
2008-07-17,783.25
2008-07-18,793.85
2008-07-21,812.8
2008-07-22,831.85
2008-07-23,860.55
2008-07-24,802.55
2008-07-25,799.2
2008-07-28,806.25
2008-07-29,808.95
2008-07-30,838.95
2008-07-31,833.75
2008-08-01,840.65
2008-08-04,815.35
2008-08-05,829.7
2008-08-06,860.55
2008-08-07,853.35
2008-08-08,845.1
2008-08-11,833.95
2008-08-12,819.25
2008-08-13,828.3
2008-08-14,833.2
2008-08-18,841.55
2008-08-19,841.25
2008-08-20,841.6
2008-08-21,817.85
2008-08-22,819.0
2008-08-25,818.2
2008-08-26,834.05
2008-08-27,818.45
2008-08-28,792.35
2008-08-29,812.2
2008-09-01,814.95
2008-09-02,848.8
2008-09-04,844.2
2008-09-05,838.4
2008-09-08,856.7
2008-09-09,864.8
2008-09-10,850.9
2008-09-11,836.7
2008-09-12,810.55
2008-09-15,762.8
2008-09-16,748.85
2008-09-17,730.1
2008-09-18,721.15
2008-09-19,766.85
2008-09-22,766.8
2008-09-23,721.0
2008-09-24,713.05
2008-09-25,688.4
2008-09-26,676.2
2008-09-29,620.0
2008-09-30,665.6
2008-10-01,671.75
2008-10-03,657.5
2008-10-06,619.0
2008-10-07,575.9
2008-10-08,546.6
2008-10-10,524.8
2008-10-13,572.85
2008-10-14,592.7
2008-10-15,543.1
2008-10-16,495.0
2008-10-17,453.85
2008-10-20,491.35
2008-10-21,559.1
2008-10-22,546.65
2008-10-23,547.3
2008-10-24,498.85
2008-10-27,496.75
2008-10-28,540.25
2008-10-29,540.8
2008-10-31,537.5
2008-11-03,547.4
2008-11-04,508.5
2008-11-05,506.4
2008-11-06,500.2
2008-11-07,525.15
2008-11-10,546.45
2008-11-11,528.85
2008-11-12,534.9
2008-11-14,530.85
2008-11-17,519.0
2008-11-18,483.15
2008-11-19,482.65
2008-11-20,469.25
2008-11-21,506.45
2008-11-24,519.9
2008-11-25,504.0
2008-11-26,527.45
2008-11-28,559.4
2008-12-01,564.15
2008-12-02,532.85
2008-12-03,534.8
2008-12-04,549.4
2008-12-05,521.8
2008-12-08,522.25
2008-12-10,541.05
2008-12-11,507.65
2008-12-12,481.3
2008-12-15,469.65
2008-12-16,479.35
2008-12-17,477.3
2008-12-18,510.5
2008-12-19,513.55
2008-12-22,510.55
2008-12-23,500.6
2008-12-24,478.15
2008-12-26,471.65
2008-12-29,476.8
2008-12-30,482.55
2008-12-31,477.9
2009-01-01,496.85
2009-01-02,498.3
2009-01-05,515.25
2009-01-06,506.4
2009-01-07,504.8
2009-01-09,536.95
2009-01-12,512.55
2009-01-13,525.65
2009-01-14,538.95
2009-01-15,510.45
2009-01-16,503.0
2009-01-19,500.75
2009-01-20,496.45
2009-01-21,492.3
2009-01-22,496.6
2009-01-23,486.15
2009-01-27,499.1
2009-01-28,507.45
2009-01-29,509.4
2009-01-30,511.6
2009-02-02,491.3
2009-02-03,499.85
2009-02-04,498.65
2009-02-05,482.9
2009-02-06,502.8
2009-02-09,515.0
2009-02-10,524.6
2009-02-11,514.75
2009-02-12,509.9
2009-02-13,511.2
2009-02-16,500.75
2009-02-17,485.25
2009-02-18,480.75
2009-02-19,489.5
2009-02-20,474.05
2009-02-24,468.9
2009-02-25,480.75
2009-02-26,482.2
2009-02-27,483.1
2009-03-02,459.85
2009-03-03,446.2
2009-03-04,460.55
2009-03-05,463.2
2009-03-06,481.7
2009-03-09,463.0
2009-03-12,477.4
2009-03-13,506.85
2009-03-16,519.8
2009-03-17,497.55
2009-03-18,505.15
2009-03-19,514.95
2009-03-20,509.8
2009-03-23,519.65
2009-03-24,521.65
2009-03-25,526.0
2009-03-26,558.45
2009-03-27,574.85
2009-03-30,523.25
2009-03-31,538.55
2009-04-01,544.5
2009-04-02,578.75
2009-04-06,579.55
2009-04-08,604.15
2009-04-09,602.55
2009-04-13,592.25
2009-04-15,577.7
2009-04-16,572.05
2009-04-17,573.1
2009-04-20,561.4
2009-04-21,550.75
2009-04-22,542.95
2009-04-23,568.1
2009-04-24,583.9
2009-04-27,601.9
2009-04-28,598.5
2009-04-29,623.6
2009-05-04,666.4
2009-05-05,651.0
2009-05-06,635.35
2009-05-07,631.7
2009-05-08,630.95
2009-05-11,615.25
2009-05-12,641.1
2009-05-13,621.7
2009-05-14,619.8
2009-05-15,644.05
2009-05-18,743.85
2009-05-19,669.75
2009-05-20,676.65
2009-05-21,647.45
2009-05-22,634.05
2009-05-25,631.35
2009-05-26,624.45
2009-05-27,648.55
2009-05-28,663.2
2009-05-29,704.6
2009-06-01,697.65
2009-06-02,694.75
2009-06-03,696.85
2009-06-04,707.2
2009-06-05,721.35
2009-06-08,742.1
2009-06-09,782.15
2009-06-10,781.8
2009-06-11,775.1
2009-06-12,764.55
2009-06-15,778.0
2009-06-16,389.15
2009-06-17,378.75
2009-06-18,376.4
2009-06-19,379.8
2009-06-22,369.65
2009-06-23,366.65
2009-06-24,381.75
2009-06-25,380.5
2009-06-26,397.4
2009-06-29,386.2
2009-06-30,389.85
2009-07-01,392.95
2009-07-02,390.0
2009-07-03,390.95
2009-07-06,380.7
2009-07-07,389.15
2009-07-08,381.15
2009-07-09,388.15
2009-07-10,395.15
2009-07-13,397.5
2009-07-14,406.95
2009-07-15,423.15
2009-07-16,419.8
2009-07-17,434.1
2009-07-20,500.55
2009-07-21,477.6
2009-07-22,466.3
2009-07-23,475.65
2009-07-24,482.0
2009-07-27,480.3
2009-07-28,480.65
2009-07-29,499.8
2009-07-30,533.1
2009-07-31,525.95
2009-08-03,531.65
2009-08-04,530.15
2009-08-05,529.0
2009-08-06,517.4
2009-08-07,509.1
2009-08-10,539.05
2009-08-11,541.9
2009-08-12,519.65
2009-08-13,526.75
2009-08-14,521.5
2009-08-17,510.15
2009-08-18,508.85
2009-08-19,498.05
2009-08-20,501.0
2009-08-21,509.25
2009-08-24,521.55
2009-08-25,528.3
2009-08-26,548.5
2009-08-27,547.75
2009-08-28,540.8
2009-08-31,527.05
2009-09-01,526.9
2009-09-02,534.6
2009-09-03,533.65
2009-09-04,531.9
2009-09-07,550.95
2009-09-08,554.65
2009-09-09,560.45
2009-09-10,556.55
2009-09-11,560.35
2009-09-14,559.1
2009-09-15,571.9
2009-09-16,570.5
2009-09-17,582.95
2009-09-18,584.0
2009-09-22,602.65
2009-09-23,590.9
2009-09-24,602.55
2009-09-25,587.4
2009-09-29,610.4
2009-09-30,621.0
2009-10-01,629.85
2009-10-05,615.3
2009-10-06,614.2
2009-10-07,591.7
2009-10-08,571.4
2009-10-09,561.75
2009-10-12,579.85
2009-10-14,592.95
2009-10-15,581.8
2009-10-16,598.3
2009-10-17,608.8
2009-10-20,621.05
2009-10-21,632.8
2009-10-22,625.85
2009-10-23,639.8
2009-10-26,644.55
2009-10-27,642.75
2009-10-28,642.85
2009-10-29,634.05
2009-10-30,628.3
2009-11-03,606.05
2009-11-04,625.7
2009-11-05,624.5
2009-11-06,622.15
2009-11-09,622.75
2009-11-10,626.65
2009-11-11,645.25
2009-11-12,655.35
2009-11-13,670.15
2009-11-16,665.75
2009-11-17,690.45
2009-11-18,686.9
2009-11-19,679.9
2009-11-20,693.15
2009-11-23,694.1
2009-11-24,699.05
2009-11-25,702.8
2009-11-26,687.9
2009-11-27,670.45
2009-11-30,688.4
2009-12-01,685.75
2009-12-02,684.3
2009-12-03,690.05
2009-12-04,695.2
2009-12-07,699.4
2009-12-08,698.3
2009-12-09,706.7
2009-12-10,705.65
2009-12-11,706.1
2009-12-14,705.1
2009-12-15,700.95
2009-12-16,713.15
2009-12-17,722.75
2009-12-18,727.5
2009-12-21,734.05
2009-12-22,724.05
2009-12-23,746.55
2009-12-24,749.3
2009-12-29,741.4
2009-12-30,742.75
2009-12-31,750.25
2010-01-04,751.65
2010-01-05,751.85
2010-01-06,734.85
2010-01-07,714.4
2010-01-08,699.8
2010-01-11,714.2
2010-01-12,750.05
2010-01-13,788.55
2010-01-14,779.85
2010-01-15,791.4
2010-01-18,802.2
2010-01-19,780.7
2010-01-20,779.4
2010-01-21,770.65
2010-01-22,757.85
2010-01-25,756.2
2010-01-27,743.3
2010-01-28,741.75
2010-01-29,736.2
2010-02-01,746.15
2010-02-02,738.4
2010-02-03,752.95
2010-02-04,738.7
2010-02-05,723.5
2010-02-06,729.7
2010-02-08,724.15
2010-02-09,735.15
2010-02-10,732.3
2010-02-11,742.7
2010-02-15,746.15
2010-02-16,758.15
2010-02-17,758.65
2010-02-18,758.8
2010-02-19,750.55
2010-02-22,757.25
2010-02-23,762.1
2010-02-24,765.35
2010-02-25,766.25
2010-02-26,761.8
2010-03-02,763.2
2010-03-03,768.75
2010-03-04,763.9
2010-03-05,762.6
2010-03-08,762.7
2010-03-09,768.7
2010-03-10,780.05
2010-03-11,791.6
2010-03-12,796.95
2010-03-15,818.0
2010-03-16,829.0
2010-03-17,840.7
2010-03-18,825.85
2010-03-19,820.9
2010-03-22,827.6
2010-03-23,828.65
2010-03-25,829.8
2010-03-26,825.05
2010-03-29,811.95
2010-03-30,800.0
2010-03-31,780.65
2010-04-01,807.8
2010-04-05,803.35
2010-04-06,796.05
2010-04-07,798.05
2010-04-08,799.45
2010-04-09,791.6
2010-04-12,798.1
2010-04-13,820.85
2010-04-15,821.7
2010-04-16,815.1
2010-04-19,811.95
2010-04-20,789.5
2010-04-21,785.0
2010-04-22,785.95
2010-04-23,780.2
2010-04-26,785.1
2010-04-27,787.3
2010-04-28,770.3
2010-04-29,759.75
2010-04-30,765.4
2010-05-03,766.8
2010-05-04,761.0
2010-05-05,765.75
2010-05-06,767.1
2010-05-07,741.4
2010-05-10,770.25
2010-05-11,756.3
2010-05-12,759.45
2010-05-13,765.6
2010-05-14,763.85
2010-05-17,745.75
2010-05-18,735.1
2010-05-19,721.5
2010-05-20,730.0
2010-05-21,718.7
2010-05-24,717.6
2010-05-25,699.55
2010-05-26,738.0
2010-05-27,741.85
2010-05-28,750.8
2010-05-31,743.05
2010-06-01,739.2
2010-06-02,754.25
2010-06-03,765.45
2010-06-04,765.35
2010-06-07,753.25
2010-06-08,750.2
2010-06-09,733.05
2010-06-10,750.5
2010-06-11,759.1
2010-06-14,781.0
2010-06-15,766.1
2010-06-16,774.8
2010-06-17,775.3
2010-06-18,783.2
2010-06-21,787.7
2010-06-22,778.65
2010-06-23,786.3
2010-06-24,773.45
2010-06-25,758.5
2010-06-28,764.75
2010-06-29,753.8
2010-06-30,751.0
2010-07-01,732.0
2010-07-02,743.8
2010-07-05,739.0
2010-07-06,759.15
2010-07-07,764.6
2010-07-08,776.8
2010-07-09,774.45
2010-07-12,791.7
2010-07-13,774.65
2010-07-14,774.65
2010-07-15,782.1
2010-07-16,833.65
2010-07-19,826.7
2010-07-20,827.25
2010-07-21,843.0
2010-07-22,843.7
2010-07-23,839.3
2010-07-26,849.25
2010-07-27,849.15
2010-07-28,854.45
2010-07-29,850.0
2010-07-30,839.8
2010-08-02,838.3
2010-08-03,832.05
2010-08-04,868.8
2010-08-05,877.85
2010-08-06,864.7
2010-08-09,879.85
2010-08-10,864.5
2010-08-11,858.15
2010-08-12,853.45
2010-08-13,854.4
2010-08-16,854.1
2010-08-17,850.2
2010-08-18,871.1
2010-08-19,872.05
2010-08-20,868.95
2010-08-23,870.4
2010-08-24,870.7
2010-08-25,871.2
2010-08-26,876.5
2010-08-27,856.05
2010-08-30,845.65
2010-08-31,843.75
2010-09-01,858.4
2010-09-02,844.1
2010-09-03,837.3
2010-09-06,855.35
2010-09-07,871.35
2010-09-08,879.05
2010-09-09,874.7
2010-09-13,879.75
2010-09-14,895.35
2010-09-15,914.8
2010-09-16,895.4
2010-09-17,913.8
2010-09-20,912.25
2010-09-21,953.95
2010-09-22,935.25
2010-09-23,931.35
2010-09-24,931.95
2010-09-27,927.6
2010-09-28,919.65
2010-09-29,920.35
2010-09-30,926.95
2010-10-01,961.6
2010-10-04,955.8
2010-10-05,950.25
2010-10-06,959.65
2010-10-07,948.8
2010-10-08,942.6
2010-10-11,940.9
2010-10-12,950.7
2010-10-13,992.85
2010-10-14,986.05
2010-10-15,950.3
2010-10-18,981.25
2010-10-19,967.75
2010-10-20,963.25
2010-10-21,986.2
2010-10-22,1040.2
2010-10-25,1066.95
2010-10-26,1062.6
2010-10-27,1048.2
2010-10-28,1052.9
2010-10-29,1052.9
2010-11-01,1053.4
2010-11-02,1049.45
2010-11-03,1052.8
2010-11-04,1069.15
2010-11-05,1077.75
2010-11-08,1068.15
2010-11-09,1091.1
2010-11-10,1092.3
2010-11-11,1064.75
2010-11-12,1055.9
2010-11-15,1066.0
2010-11-16,1048.9
2010-11-18,1042.8
2010-11-19,1015.4
2010-11-22,1039.1
2010-11-23,1030.05
2010-11-24,1004.75
2010-11-25,1021.8
2010-11-26,1047.25
2010-11-29,1071.3
2010-11-30,1076.0
2010-12-01,1081.9
2010-12-02,1095.8
2010-12-03,1097.35
2010-12-06,1101.7
2010-12-07,1087.5
2010-12-08,1079.15
2010-12-09,1072.6
2010-12-10,1074.9
2010-12-13,1076.1
2010-12-14,1080.95
2010-12-15,1103.65
2010-12-16,1140.7
2010-12-20,1166.7
2010-12-21,1160.8
2010-12-22,1149.75
2010-12-23,1140.0
2010-12-24,1141.1
2010-12-27,1141.2
2010-12-28,1146.35
2010-12-29,1156.95
2010-12-30,1170.2
2010-12-31,1165.65
2011-01-03,1158.05
2011-01-04,1144.75
2011-01-05,1158.95
2011-01-06,1171.7
2011-01-07,1142.65
2011-01-10,1130.9
2011-01-11,1098.5
2011-01-12,1135.95
2011-01-13,1124.25
2011-01-14,1120.15
2011-01-17,1137.4
2011-01-18,1202.55
2011-01-19,1193.0
2011-01-20,1212.2
2011-01-21,1211.65
2011-01-24,1209.2
2011-01-25,1188.55
2011-01-27,1199.4
2011-01-28,1181.35
2011-01-31,1159.5
2011-02-01,1150.15
2011-02-02,1182.45
2011-02-03,1183.7
2011-02-04,1148.8
2011-02-07,1131.15
2011-02-08,1125.1
2011-02-09,1098.3
2011-02-10,1090.75
2011-02-11,1089.6
2011-02-14,1112.3
2011-02-15,1097.7
2011-02-16,1096.5
2011-02-17,1109.2
2011-02-18,1089.7
2011-02-21,1138.6
2011-02-22,1138.75
2011-02-23,1125.55
2011-02-24,1111.8
2011-02-25,1110.05
2011-02-28,1110.25
2011-03-01,1124.5
2011-03-03,1150.2
2011-03-04,1135.55
2011-03-07,1108.25
2011-03-08,1117.7
2011-03-09,1126.7
2011-03-10,1108.55
2011-03-11,1077.05
2011-03-14,1097.55
2011-03-15,1089.8
2011-03-16,1114.85
2011-03-17,1098.0
2011-03-18,1082.75
2011-03-21,1070.8
2011-03-22,1069.5
2011-03-23,1064.35
2011-03-24,1093.4
2011-03-25,1119.65
2011-03-28,1119.9
2011-03-29,1138.7
2011-03-30,1151.95
2011-03-31,1183.9
2011-04-01,1180.15
2011-04-04,1213.2
2011-04-05,1239.85
2011-04-06,1221.85
2011-04-07,1199.2
2011-04-08,1196.0
2011-04-11,1178.4
2011-04-13,1210.1
2011-04-15,1191.4
2011-04-18,1144.6
2011-04-19,1164.7
2011-04-20,1218.7
2011-04-21,1192.1
2011-04-25,1197.85
2011-04-26,1189.0
2011-04-27,1180.6
2011-04-28,1158.65
2011-04-29,1165.65
2011-05-02,1158.45
2011-05-03,1138.45
2011-05-04,1137.05
2011-05-05,1115.0
2011-05-06,1148.95
2011-05-06,1148.95
2011-05-09,1135.55
2011-05-10,1139.9
2011-05-11,1140.25
2011-05-12,1111.75
2011-05-13,1127.1
2011-05-16,1131.1
2011-05-17,1141.7
2011-05-18,1155.05
2011-05-19,1164.85
2011-05-20,1175.0
2011-05-23,1166.55
2011-05-24,1149.9
2011-05-25,1128.6
2011-05-26,1135.75
2011-05-27,1144.55
2011-05-30,1151.95
2011-05-31,1157.15
2011-06-01,1175.4
2011-06-02,1167.75
2011-06-03,1152.1
2011-06-06,1164.35
2011-06-07,1179.3
2011-06-08,1181.4
2011-06-09,1186.35
2011-06-10,1189.2
2011-06-13,1175.3
2011-06-14,1191.05
2011-06-15,1184.25
2011-06-16,1151.15
2011-06-17,1109.2
2011-06-20,1069.3
2011-06-21,1106.75
2011-06-22,1083.5
2011-06-23,1097.0
2011-06-24,1137.75
2011-06-27,1150.6
2011-06-28,1154.0
2011-06-29,1169.85
2011-06-30,1184.2
2011-07-01,1191.9
2011-07-04,1185.7
2011-07-05,1179.45
2011-07-06,1182.8
2011-07-07,1195.9
2011-07-08,1171.65
2011-07-11,1156.65
2011-07-12,1145.35
2011-07-13,1149.05
2011-07-14,1123.7
2011-07-15,1146.05
2011-07-18,1125.05
2011-07-19,1140.05
2011-07-20,1132.45
2011-07-21,1122.55
2011-07-22,1133.4
2011-07-25,1139.9
2011-07-26,1144.65
2011-07-27,1147.15
2011-07-28,1129.55
2011-07-29,1137.0
2011-08-01,1135.25
2011-08-02,1130.65
2011-08-03,1110.35
2011-08-04,1095.85
2011-08-05,1057.95
2011-08-08,1005.35
2011-08-09,964.8
2011-08-09,964.8
2011-08-10,984.05
2011-08-11,978.35
2011-08-12,947.15
2011-08-16,973.6
2011-08-17,999.9
2011-08-18,962.35
2011-08-19,928.95
2011-08-22,918.05
2011-08-23,981.6
2011-08-24,962.6
2011-08-25,950.4
2011-08-26,948.45
2011-08-29,1019.6
2011-08-30,1042.4
2011-09-02,1022.1
2011-09-05,1027.7
2011-09-06,1033.9
2011-09-07,1031.0
2011-09-08,1036.05
2011-09-09,1016.05
2011-09-12,985.7
2011-09-13,993.75
2011-09-14,1015.1
2011-09-15,1041.75
2011-09-16,1027.75
2011-09-19,1018.05
2011-09-20,1057.95
2011-09-21,1043.5
2011-09-22,994.4
2011-09-23,990.3
2011-09-26,996.95
2011-09-27,1040.55
2011-09-28,1047.9
2011-09-29,1061.45
2011-09-30,1037.3
2011-10-03,1043.3
2011-10-04,1045.95
2011-10-05,1043.55
2011-10-07,1048.55
2011-10-10,1064.7
2011-10-11,1040.85
2011-10-12,1079.05
2011-10-13,1092.75
2011-10-14,1134.25
2011-10-17,1120.25
2011-10-18,1033.55
2011-10-19,1048.95
2011-10-20,1044.9
2011-10-21,1049.85
2011-10-24,1079.75
2011-10-24,1079.75
2011-10-25,1098.65
2011-10-26,1095.9
2011-10-28,1121.5
2011-10-31,1115.8
2011-11-01,1108.45
2011-11-02,1106.85
2011-11-03,1105.0
2011-11-04,1099.8
2011-11-08,1105.25
2011-11-09,1122.95
2011-11-11,1131.0
2011-11-14,1128.4
2011-11-15,1124.4
2011-11-16,1117.25
2011-11-17,1115.15
2011-11-18,1086.6
2011-11-21,1067.2
2011-11-22,1081.85
2011-11-23,1062.3
2011-11-24,1091.8
2011-11-25,1063.9
2011-11-28,1088.5
2011-11-29,1093.3
2011-11-30,1115.55
2011-12-01,1134.8
2011-12-02,1178.0
2011-12-05,1180.95
2011-12-07,1179.55
2011-12-08,1177.6
2011-12-09,1172.4
2011-12-12,1180.35
2011-12-13,1178.7
2011-12-14,1182.45
2011-12-15,1182.5
2011-12-16,1146.3
2011-12-19,1143.65
2011-12-20,1133.35
2011-12-21,1158.7
2011-12-22,1151.7
2011-12-23,1157.15
2011-12-26,1188.4
2011-12-27,1179.45
2011-12-28,1169.2
2011-12-29,1165.7
2011-12-30,1160.65
2012-01-02,1178.6
2012-01-03,1197.6
2012-01-04,1173.0
2012-01-05,1172.0
2012-01-06,1169.4
2012-01-07,1172.5
2012-01-09,1171.35
2012-01-10,1165.4
2012-01-11,1137.0
2012-01-12,1089.5
2012-01-13,1085.75
2012-01-16,1109.4
2012-01-17,1103.95
2012-01-18,1076.15
2012-01-19,1075.55
2012-01-20,1079.5
2012-01-23,1077.7
2012-01-24,1088.7
2012-01-25,1098.0
2012-01-27,1108.75
2012-01-30,1111.75
2012-01-31,1132.4
2012-02-01,1128.7
2012-02-02,1148.0
2012-02-03,1171.55
2012-02-06,1193.85
2012-02-07,1198.0
2012-02-08,1219.65
2012-02-09,1228.6
2012-02-10,1233.4
2012-02-13,1225.7
2012-02-14,1220.0
2012-02-15,1241.6
2012-02-16,1225.35
2012-02-17,1228.75
2012-02-21,1237.05
2012-02-22,1252.35
2012-02-23,1259.8
2012-02-24,1270.0
2012-02-27,1252.05
2012-02-28,1226.55
2012-02-29,1221.95
2012-03-01,1219.6
2012-03-02,1217.25
2012-03-03,1218.4
2012-03-05,1207.3
2012-03-06,1202.0
2012-03-07,1192.85
2012-03-09,1208.55
2012-03-12,1189.05
2012-03-13,1197.0
2012-03-14,1154.55
2012-03-15,1163.7
2012-03-16,1169.55
2012-03-19,1122.0
2012-03-20,1134.85
2012-03-21,1175.75
2012-03-22,1167.75
2012-03-23,1184.65
2012-03-26,1161.6
2012-03-27,1174.75
2012-03-28,1165.1
2012-03-29,1141.2
2012-03-30,1168.8
2012-04-02,1194.25
2012-04-03,1178.0
2012-04-04,1178.45
2012-04-09,1164.1
2012-04-10,1156.2
2012-04-11,1138.1
2012-04-12,1131.65
2012-04-13,1068.35
2012-04-16,1069.75
2012-04-17,1090.85
2012-04-18,1097.55
2012-04-19,1102.95
2012-04-20,1088.45
2012-04-23,1064.25
2012-04-24,1194.2
2012-04-25,1171.05
2012-04-26,1194.65
2012-04-27,1204.0
2012-04-28,1201.85
2012-04-30,1246.6
2012-05-02,1267.25
2012-05-03,1279.5
2012-05-04,1276.8
2012-05-07,1273.25
2012-05-08,1200.7
2012-05-09,1225.55
2012-05-10,1232.55
2012-05-11,1230.75
2012-05-14,1225.95
2012-05-15,1226.3
2012-05-16,1223.4
2012-05-17,1222.0
2012-05-18,1210.65
2012-05-21,1209.2
2012-05-22,1224.05
2012-05-23,1225.15
2012-05-24,1221.45
2012-05-25,1220.8
2012-05-28,1224.7
2012-05-29,1240.35
2012-05-30,1240.55
2012-05-31,1245.35
2012-06-01,1224.6
2012-06-04,1213.25
2012-06-05,1226.5
2012-06-06,1251.15
2012-06-07,1240.2
2012-06-08,1230.9
2012-06-11,1233.55
2012-06-12,1248.1
2012-06-13,1250.4
2012-06-14,1254.0
2012-06-15,1272.45
2012-06-18,1257.15
2012-06-19,1273.95
2012-06-20,1252.8
2012-06-21,1224.05
2012-06-22,1233.45
2012-06-25,1216.75
2012-06-26,1235.1
2012-06-27,1246.7
2012-06-28,1258.85
2012-06-29,1277.45
2012-07-02,1259.45
2012-07-03,1239.4
2012-07-04,1247.85
2012-07-05,1240.6
2012-07-06,1247.75
2012-07-09,1259.4
2012-07-10,1261.7
2012-07-11,1258.3
2012-07-12,1236.0
2012-07-13,1249.4
2012-07-16,1207.35
2012-07-17,1185.9
2012-07-18,1195.3
2012-07-19,1201.0
2012-07-20,1223.05
2012-07-23,1214.25
2012-07-24,1209.15
2012-07-25,1213.15
2012-07-26,1198.45
2012-07-27,1225.3
2012-07-30,1231.0
2012-07-31,1243.65
2012-08-01,1224.65
2012-08-02,1232.8
2012-08-03,1236.9
2012-08-06,1228.9
2012-08-07,1264.05
2012-08-08,1249.2
2012-08-09,1258.15
2012-08-10,1280.05
2012-08-13,1266.3
2012-08-14,1268.4
2012-08-16,1263.55
2012-08-17,1278.6
2012-08-21,1298.65
2012-08-22,1291.65
2012-08-23,1323.45
2012-08-24,1322.85
2012-08-27,1320.45
2012-08-28,1350.9
2012-08-29,1343.3
2012-08-30,1367.15
2012-08-31,1343.75
2012-09-03,1337.85
2012-09-04,1340.85
2012-09-05,1364.5
2012-09-06,1375.6
2012-09-07,1386.7
2012-09-08,1386.5
2012-09-10,1371.45
2012-09-11,1392.65
2012-09-12,1414.9
2012-09-13,1417.7
2012-09-14,1413.1
2012-09-17,1342.1
2012-09-18,1299.8
2012-09-20,1322.0
2012-09-21,1304.05
2012-09-24,1289.45
2012-09-25,1293.2
2012-09-26,1285.6
2012-09-27,1271.55
2012-09-28,1295.9
2012-10-01,1302.95
2012-10-03,1322.65
2012-10-04,1317.15
2012-10-05,1304.0
2012-10-08,1292.7
2012-10-09,1294.85
2012-10-10,1289.35
2012-10-11,1289.45
2012-10-12,1298.45
2012-10-15,1294.65
2012-10-16,1295.9
2012-10-17,1283.15
2012-10-18,1307.35
2012-10-19,1289.7
2012-10-22,1318.9
2012-10-23,1314.6
2012-10-25,1315.35
2012-10-26,1315.3
2012-10-29,1308.4
2012-10-30,1311.5
2012-10-31,1315.5
2012-11-01,1315.25
2012-11-02,1331.2
2012-11-05,1329.6
2012-11-06,1320.55
2012-11-07,1331.5
2012-11-08,1331.2
2012-11-09,1324.95
2012-11-12,1334.5
2012-11-13,1325.3
2012-11-15,1294.15
2012-11-16,1286.8
2012-11-19,1262.35
2012-11-20,1272.8
2012-11-21,1282.2
2012-11-22,1276.45
2012-11-23,1288.6
2012-11-26,1293.7
2012-11-27,1295.2
2012-11-29,1298.1
2012-11-30,1314.0
2012-12-03,1316.8
2012-12-04,1299.45
2012-12-05,1297.9
2012-12-06,1280.7
2012-12-07,1264.15
2012-12-10,1237.2
2012-12-11,1219.7
2012-12-12,1225.8
2012-12-13,1222.55
2012-12-14,1242.9
2012-12-17,1205.5
2012-12-18,1210.65
2012-12-19,1232.65
2012-12-20,1252.05
2012-12-21,1258.7
2012-12-24,1266.2
2012-12-26,1262.2
2012-12-27,1250.95
2012-12-28,1267.5
2012-12-31,1255.85
2013-01-01,1264.15
2013-01-02,1263.3
2013-01-03,1280.6
2013-01-04,1299.2
2013-01-07,1294.85
2013-01-08,1300.25
2013-01-09,1276.6
2013-01-10,1258.4
2013-01-11,1306.35
2013-01-14,1334.5
2013-01-15,1337.45
2013-01-16,1347.75
2013-01-17,1362.0
2013-01-18,1351.0
2013-01-21,1330.0
2013-01-22,1317.5
2013-01-23,1311.95
2013-01-24,1328.55
2013-01-25,1340.5
2013-01-28,1345.05
2013-01-29,1344.95
2013-01-30,1346.15
2013-01-31,1344.15
2013-02-01,1348.1
2013-02-04,1356.35
2013-02-05,1360.05
2013-02-06,1370.55
2013-02-07,1387.15
2013-02-08,1422.6
2013-02-11,1414.7
2013-02-12,1410.05
2013-02-13,1435.4
2013-02-14,1447.7
2013-02-15,1442.15
2013-02-18,1425.35
2013-02-19,1443.55
2013-02-20,1452.8
2013-02-21,1451.05
2013-02-22,1455.1
2013-02-25,1473.7
2013-02-26,1496.4
2013-02-27,1483.2
2013-02-28,1517.0
2013-03-01,1501.85
2013-03-04,1513.2
2013-03-05,1540.15
2013-03-06,1561.2
2013-03-07,1589.9
2013-03-08,1583.15
2013-03-11,1566.2
2013-03-12,1560.5
2013-03-13,1551.7
2013-03-14,1567.7
2013-03-15,1570.25
2013-03-18,1566.95
2013-03-19,1546.75
2013-03-20,1557.65
2013-03-21,1559.95
2013-03-22,1542.15
2013-03-25,1543.35
2013-03-26,1556.35
2013-03-28,1575.75
2013-04-01,1556.85
2013-04-02,1567.35
2013-04-03,1543.4
2013-04-04,1507.8
2013-04-05,1498.35
2013-04-08,1480.75
2013-04-09,1497.4
2013-04-10,1530.45
2013-04-11,1536.9
2013-04-12,1511.75
2013-04-15,1472.45
2013-04-16,1483.15
2013-04-17,1456.65
2013-04-18,1452.75
2013-04-22,1425.3
2013-04-23,1430.55
2013-04-25,1402.3
2013-04-26,1369.35
2013-04-29,1370.75
2013-04-30,1378.4
2013-05-02,1433.9
2013-05-03,1418.5
2013-05-06,1467.2
2013-05-07,1471.6
2013-05-08,1480.1
2013-05-09,1498.45
2013-05-10,1495.9
2013-05-11,1489.65
2013-05-13,1451.6
2013-05-14,1457.95
2013-05-15,1471.55
2013-05-16,1454.05
2013-05-17,1473.8
2013-05-20,1472.4
2013-05-21,1492.85
2013-05-22,1498.4
2013-05-23,1492.7
2013-05-24,1469.55
2013-05-27,1498.0
2013-05-28,1514.1
2013-05-29,1497.35
2013-05-30,1499.4
2013-05-31,1498.45
2013-06-03,1469.4
2013-06-04,1465.35
2013-06-05,1467.8
2013-06-06,1470.75
2013-06-07,1518.95
2013-06-10,1525.05
2013-06-11,1501.55
2013-06-12,1468.1
2013-06-13,1445.65
2013-06-14,1450.7
2013-06-17,1452.45
2013-06-18,1443.8
2013-06-19,1427.7
2013-06-20,1404.5
2013-06-21,1422.25
2013-06-24,1410.7
2013-06-25,1392.3
2013-06-26,1437.7
2013-06-27,1491.9
2013-06-28,1518.15
2013-07-01,1492.35
2013-07-02,1500.55
2013-07-03,1489.8
2013-07-04,1538.3
2013-07-05,1530.2
2013-07-08,1506.65
2013-07-09,1504.9
2013-07-10,1511.95
2013-07-11,1564.55
2013-07-12,1609.85
2013-07-15,1641.75
2013-07-16,1649.35
2013-07-17,1678.5
2013-07-18,1660.4
2013-07-19,1742.8
2013-07-22,1746.5
2013-07-23,1749.8
2013-07-24,1782.8
2013-07-25,1795.75
2013-07-26,1774.5
2013-07-29,1779.2
2013-07-30,1792.3
2013-07-31,1815.5
2013-08-01,1815.4
2013-08-02,1845.85
2013-08-05,1867.2
2013-08-06,1870.1
2013-08-07,1822.7
2013-08-08,1845.4
2013-08-12,1814.0
2013-08-13,1819.8
2013-08-14,1833.5
2013-08-16,1780.9
2013-08-19,1777.45
2013-08-20,1736.4
2013-08-21,1717.8
2013-08-22,1778.95
2013-08-23,1829.45
2013-08-26,1842.0
2013-08-27,1838.8
2013-08-28,1907.9
2013-08-29,1947.1
2013-08-30,2033.2
2013-09-02,2056.85
2013-09-03,2001.1
2013-09-04,2069.1
2013-09-05,1990.75
2013-09-06,1988.8
2013-09-10,1987.9
2013-09-11,1993.8
2013-09-12,1967.9
2013-09-13,1953.75
2013-09-16,1902.55
2013-09-17,1947.45
2013-09-18,1954.5
2013-09-19,1966.3
2013-09-20,1950.3
2013-09-23,1955.1
2013-09-24,1939.5
2013-09-25,1959.05
2013-09-26,1942.9
2013-09-27,1948.1
2013-09-30,1927.8
2013-10-01,1949.05
2013-10-03,2024.6
2013-10-04,2033.6
2013-10-07,2089.75
2013-10-08,2061.45
2013-10-09,2090.85
2013-10-10,2080.0
2013-10-11,2122.05
2013-10-14,2212.75
2013-10-15,2215.4
2013-10-17,2108.45
2013-10-18,2120.65
2013-10-21,2071.65
2013-10-22,2089.35
2013-10-23,2061.15
2013-10-24,2008.7
2013-10-25,2067.75
2013-10-28,2063.95
2013-10-29,2069.8
2013-10-30,2091.95
2013-10-31,2112.05
2013-11-01,2097.6
2013-11-03,2099.0
2013-11-05,2042.0
2013-11-06,2091.1
2013-11-07,2121.95
2013-11-08,2090.85
2013-11-11,2094.65
2013-11-12,2087.15
2013-11-13,2049.0
2013-11-14,2026.2
2013-11-18,2044.0
2013-11-19,2029.9
2013-11-20,2023.6
2013-11-21,1986.6
2013-11-22,2000.85
2013-11-25,2013.25
2013-11-26,1993.7
2013-11-27,1986.45
2013-11-28,1984.6
2013-11-29,2004.35
2013-12-02,2013.9
2013-12-03,2020.8
2013-12-04,2000.05
2013-12-05,1987.15
2013-12-06,2000.3
2013-12-09,2004.85
2013-12-10,2082.75
2013-12-11,2058.05
2013-12-12,2028.9
2013-12-13,2001.8
2013-12-16,2019.15
2013-12-17,2045.35
2013-12-18,2055.8
2013-12-19,2081.5
2013-12-20,2120.55
2013-12-23,2109.05
2013-12-24,2110.7
2013-12-26,2100.3
2013-12-27,2160.65
2013-12-30,2156.05
2013-12-31,2172.05
2014-01-01,2153.3
2014-01-02,2167.0
2014-01-03,2222.2
2014-01-06,2239.6
2014-01-07,2206.15
2014-01-08,2232.65
2014-01-09,2241.95
2014-01-10,2280.9
2014-01-13,2368.75
2014-01-14,2326.75
2014-01-15,2353.6
2014-01-16,2350.3
2014-01-17,2213.05
2014-01-20,2338.2
2014-01-21,2280.3
2014-01-22,2274.05
2014-01-23,2252.45
2014-01-24,2248.7
2014-01-27,2229.6
2014-01-28,2212.35
2014-01-29,2209.8
2014-01-30,2217.6
2014-01-31,2241.05
2014-02-03,2194.45
2014-02-04,2151.35
2014-02-05,2194.4
2014-02-06,2175.25
2014-02-07,2144.4
2014-02-10,2093.55
2014-02-11,2101.7
2014-02-12,2105.45
2014-02-13,2133.75
2014-02-14,2167.9
2014-02-17,2165.4
2014-02-18,2166.0
2014-02-19,2197.95
2014-02-20,2189.35
2014-02-21,2205.7
2014-02-24,2177.9
2014-02-25,2188.9
2014-02-26,2182.15
2014-02-28,2275.75
2014-03-03,2240.05
2014-03-04,2240.65
2014-03-05,2251.9
2014-03-06,2240.75
2014-03-07,2228.5
2014-03-10,2142.65
2014-03-11,2151.65
2014-03-12,2179.45
2014-03-13,2149.55
2014-03-14,2139.55
2014-03-18,2122.0
2014-03-19,2039.4
2014-03-20,2108.2
2014-03-21,2127.0
2014-03-22,2128.25
2014-03-24,2152.6
2014-03-25,2146.65
2014-03-26,2093.5
2014-03-27,2094.25
2014-03-28,2102.1
2014-03-31,2133.15
2014-04-01,2176.7
2014-04-02,2172.25
2014-04-03,2166.5
2014-04-04,2138.85
2014-04-07,2153.8
2014-04-09,2140.4
2014-04-10,2126.15
2014-04-11,2164.1
2014-04-15,2252.75
2014-04-16,2196.3
2014-04-17,2222.9
2014-04-21,2221.75
2014-04-22,2221.05
2014-04-23,2213.75
2014-04-25,2205.25
2014-04-28,2191.35
2014-04-29,2194.25
2014-04-30,2189.2
2014-05-02,2208.45
2014-05-05,2213.7
2014-05-06,2198.9
2014-05-07,2165.55
2014-05-08,2162.05
2014-05-09,2159.9
2014-05-12,2159.35
2014-05-13,2210.95
2014-05-14,2216.1
2014-05-15,2193.15
2014-05-16,2160.75
2014-05-19,2036.7
2014-05-20,2068.2
2014-05-21,2082.85
2014-05-22,2111.95
2014-05-23,2127.9
2014-05-26,2154.0
2014-05-27,2131.45
2014-05-28,2150.55
2014-05-29,2159.95
2014-05-30,2141.35
2014-06-02,2129.85
2014-06-03,2128.6
2014-06-04,2089.25
2014-06-05,2104.15
2014-06-06,2084.25
2014-06-09,2113.8
2014-06-10,2158.15
2014-06-11,2206.95
2014-06-12,2237.35
2014-06-13,2213.55
2014-06-16,2269.75
2014-06-17,2279.85
2014-06-18,2227.05
2014-06-19,2276.05
2014-06-20,2292.4
2014-06-23,2268.85
2014-06-24,2309.05
2014-06-25,2310.55
2014-06-26,2307.65
2014-06-27,2399.55
2014-06-30,2425.4
2014-07-01,2390.75
2014-07-02,2401.6
2014-07-03,2417.9
2014-07-04,2410.5
2014-07-07,2488.55
2014-07-08,2449.45
2014-07-09,2398.15
2014-07-10,2351.8
2014-07-11,2394.45
2014-07-14,2426.25
2014-07-15,2399.3
2014-07-16,2401.85
2014-07-17,2381.95
2014-07-18,2441.2
2014-07-21,2463.75
2014-07-22,2532.4
2014-07-23,2586.15
2014-07-24,2595.2
2014-07-25,2605.75
2014-07-28,2589.3
2014-07-30,2595.05
2014-07-31,2580.05
2014-08-01,2516.4
2014-08-04,2526.05
2014-08-05,2523.7
2014-08-06,2506.65
2014-08-07,2469.8
2014-08-08,2478.7
2014-08-11,2468.4
2014-08-12,2471.75
2014-08-13,2500.05
2014-08-14,2499.75
2014-08-18,2487.6
2014-08-19,2438.5
2014-08-20,2436.2
2014-08-21,2432.45
2014-08-22,2464.2
2014-08-25,2522.05
2014-08-26,2533.8
2014-08-27,2549.95
2014-08-28,2522.35
2014-09-01,2537.15
2014-09-02,2537.9
2014-09-03,2606.4
2014-09-04,2584.75
2014-09-05,2598.6
2014-09-08,2642.7
2014-09-09,2631.25
2014-09-10,2600.15
2014-09-11,2598.35
2014-09-12,2607.6
2014-09-15,2558.3
2014-09-16,2550.85
2014-09-17,2591.2
2014-09-18,2642.3
2014-09-19,2714.2
2014-09-22,2721.8
2014-09-23,2688.2
2014-09-24,2643.0
2014-09-25,2708.6
2014-09-26,2684.0
2014-09-29,2767.95
2014-09-30,2736.6
2014-10-01,2775.6
2014-10-07,2731.35
2014-10-08,2683.2
2014-10-09,2706.05
2014-10-10,2678.5
2014-10-13,2716.55
2014-10-14,2699.2
2014-10-16,2678.1
2014-10-17,2441.15
2014-10-20,2423.3
2014-10-21,2433.4
2014-10-22,2451.85
2014-10-23,2465.35
2014-10-27,2457.15
2014-10-28,2478.6
2014-10-29,2506.05
2014-10-30,2558.2
2014-10-31,2607.85
2014-11-03,2590.35
2014-11-05,2599.5
2014-11-07,2572.85
2014-11-10,2569.65
2014-11-11,2580.7
2014-11-12,2591.75
2014-11-13,2588.45
2014-11-14,2606.45
2014-11-17,2618.3
2014-11-18,2585.85
2014-11-19,2573.75
2014-11-20,2605.45
2014-11-21,2622.15
2014-11-24,2657.7
2014-11-25,2636.0
2014-11-26,2627.3
2014-11-27,2653.3
2014-11-28,2643.0
2014-12-01,2692.95
2014-12-02,2657.3
2014-12-03,2635.35
2014-12-04,2637.95
2014-12-05,2578.95
2014-12-08,2512.8
2014-12-09,2514.85
2014-12-10,2507.9
2014-12-11,2492.15
2014-12-12,2450.7
2014-12-15,2358.65
2014-12-16,2443.05
2014-12-17,2444.1
2014-12-18,2460.7
2014-12-19,2510.55
2014-12-22,2513.4
2014-12-23,2516.7
2014-12-24,2479.9
2014-12-26,2505.0
2014-12-29,2522.9
2014-12-30,2530.05
2014-12-31,2558.25
2015-01-01,2545.55
2015-01-02,2579.45
2015-01-05,2540.25
2015-01-06,2446.6
2015-01-07,2417.7
2015-01-08,2443.8
2015-01-09,2512.3
2015-01-12,2509.7
2015-01-13,2497.9
2015-01-14,2521.95
2015-01-15,2539.1
2015-01-16,2532.15
2015-01-19,2511.0
2015-01-20,2500.45
2015-01-21,2513.8
2015-01-22,2513.55
2015-01-23,2503.6
2015-01-27,2502.05
2015-01-28,2539.6
2015-01-29,2544.65
2015-01-30,2482.05
2015-02-02,2514.2
2015-02-03,2558.25
2015-02-04,2514.3
2015-02-05,2552.4
2015-02-06,2575.75
2015-02-09,2512.9
2015-02-10,2441.15
2015-02-11,2459.9
2015-02-12,2462.15
2015-02-13,2538.75
2015-02-16,2584.8
2015-02-18,2635.65
2015-02-19,2681.05
2015-02-20,2675.55
2015-02-23,2696.65
2015-02-24,2704.75
2015-02-25,2672.2
2015-02-26,2656.45
2015-02-27,2662.35
2015-02-28,2675.25
2015-03-02,2669.4
2015-03-03,2776.0
2015-03-04,2746.0
2015-03-05,2696.45
2015-03-09,2646.8
2015-03-10,2642.7
2015-03-11,2606.55
2015-03-12,2619.05
2015-03-13,2582.35
2015-03-16,2562.3
2015-03-17,2583.7
2015-03-18,2559.35
2015-03-19,2596.25
2015-03-20,2610.95
2015-03-23,2617.15
2015-03-24,2591.3
2015-03-25,2573.75
2015-03-26,2513.1
2015-03-27,2514.8
2015-03-30,2564.15
2015-03-31,2553.95
2015-04-01,2542.65
2015-04-06,2547.3
2015-04-07,2585.0
2015-04-08,2641.4
2015-04-09,2664.55
2015-04-10,2653.75
2015-04-13,2655.5
2015-04-15,2627.75
2015-04-16,2582.8
2015-04-17,2474.85
2015-04-20,2428.8
2015-04-21,2427.05
2015-04-22,2445.1
2015-04-23,2457.25
2015-04-24,2493.05
2015-04-27,2500.2
2015-04-28,2495.0
2015-04-29,2487.3
2015-04-30,2463.7
2015-05-04,2481.55
2015-05-05,2517.85
2015-05-06,2463.05
2015-05-07,2545.25
2015-05-08,2527.25
2015-05-11,2556.0
2015-05-12,2522.9
2015-05-13,2515.4
2015-05-14,2499.25
2015-05-15,2511.15
2015-05-18,2520.4
2015-05-19,2512.7
2015-05-20,2557.05
2015-05-21,2555.5
2015-05-22,2617.9
2015-05-25,2601.0
2015-05-26,2608.85
2015-05-27,2615.25
2015-05-28,2609.5
2015-05-29,2610.3
2015-06-01,2617.75
2015-06-02,2599.9
2015-06-03,2610.9
2015-06-04,2605.65
2015-06-05,2575.85
2015-06-08,2577.45
2015-06-09,2561.65
2015-06-10,2600.75
2015-06-11,2571.3
2015-06-12,2505.8
2015-06-15,2504.8
2015-06-16,2512.0
2015-06-17,2513.8
2015-06-18,2530.05
2015-06-19,2549.55
2015-06-22,2591.5
2015-06-23,2574.6
2015-06-24,2570.3
2015-06-25,2550.0
2015-06-26,2592.8
2015-06-29,2592.9
2015-06-30,2550.95
2015-07-01,2593.1
2015-07-02,2577.75
2015-07-03,2603.9
2015-07-06,2633.3
2015-07-07,2616.25
2015-07-08,2595.1
2015-07-09,2522.5
2015-07-10,2474.35
2015-07-13,2509.55
2015-07-14,2499.5
2015-07-15,2545.75
2015-07-16,2540.2
2015-07-17,2564.4
2015-07-20,2579.15
2015-07-21,2561.4
2015-07-22,2528.05
2015-07-23,2488.6
2015-07-24,2505.15
2015-07-27,2497.05
2015-07-28,2502.05
2015-07-29,2506.75
2015-07-30,2480.65
2015-07-31,2510.75
2015-08-03,2509.6
2015-08-04,2508.9
2015-08-05,2547.15
2015-08-06,2573.3
2015-08-07,2552.05
2015-08-10,2572.1
2015-08-11,2604.2
2015-08-12,2671.7
2015-08-13,2635.6
2015-08-14,2703.2
2015-08-17,2684.75
2015-08-18,2740.9
2015-08-19,2733.6
2015-08-20,2686.85
2015-08-21,2676.15
2015-08-24,2578.65
2015-08-25,2567.15
2015-08-26,2576.75
2015-08-27,2574.65
2015-08-28,2570.85
2015-08-31,2564.05
2015-09-01,2537.4
2015-09-02,2591.8
2015-09-03,2605.6
2015-09-04,2547.45
2015-09-07,2539.75
2015-09-08,2540.3
2015-09-09,2549.75
2015-09-10,2545.4
2015-09-11,2552.0
2015-09-14,2551.65
2015-09-15,2547.6
2015-09-16,2550.35
2015-09-18,2551.25
2015-09-21,2551.05
2015-09-22,2526.8
2015-09-23,2532.65
2015-09-24,2580.4
2015-09-28,2593.7
2015-09-29,2588.25
2015-09-30,2588.05
2015-10-01,2644.6
2015-10-05,2711.65
2015-10-06,2700.0
2015-10-07,2653.95
2015-10-08,2633.8
2015-10-09,2629.65
2015-10-12,2592.6
2015-10-13,2598.55
2015-10-14,2483.7
2015-10-15,2467.75
2015-10-16,2473.75
2015-10-19,2488.75
2015-10-20,2526.75
2015-10-21,2530.0
2015-10-23,2537.15
2015-10-26,2536.55
2015-10-27,2531.1
2015-10-28,2529.1
2015-10-29,2495.35
2015-10-30,2495.2
2015-11-02,2517.35
2015-11-03,2543.45
2015-11-04,2533.8
2015-11-05,2482.65
2015-11-06,2505.75
2015-11-09,2471.35
2015-11-10,2458.15
2015-11-11,2468.8
2015-11-13,2397.4
2015-11-16,2374.6
2015-11-17,2390.55
2015-11-18,2351.45
2015-11-19,2362.55
2015-11-20,2398.35
2015-11-23,2391.05
2015-11-24,2367.95
2015-11-26,2345.55
2015-11-27,2353.35
2015-11-30,2364.7
2015-12-01,2361.9
2015-12-02,2365.2
2015-12-03,2350.75
2015-12-04,2328.4
2015-12-07,2319.8
2015-12-08,2329.0
2015-12-09,2367.65
2015-12-10,2384.55
2015-12-11,2386.0
2015-12-14,2378.45
2015-12-15,2375.85
2015-12-16,2408.4
2015-12-17,2439.75
2015-12-18,2416.8
2015-12-21,2446.4
2015-12-22,2405.05
2015-12-23,2425.8
2015-12-24,2434.25
2015-12-28,2462.7
2015-12-29,2455.8
2015-12-30,2418.3
2015-12-31,2436.85
2016-01-01,2416.4
2016-01-04,2369.6
2016-01-05,2348.95
2016-01-06,2381.6
2016-01-07,2371.25
2016-01-08,2397.6
2016-01-11,2362.35
2016-01-12,2327.05
2016-01-13,2279.2
2016-01-14,2278.8
2016-01-15,2261.1
2016-01-18,2277.65
2016-01-19,2279.3
2016-01-20,2280.1
2016-01-21,2254.5
2016-01-22,2295.75
2016-01-25,2304.65
2016-01-27,2319.75
2016-01-28,2331.2
2016-01-29,2391.3
2016-02-01,2402.7
2016-02-02,2398.1
2016-02-03,2416.3
2016-02-04,2420.05
2016-02-05,2421.95
2016-02-08,2362.95
2016-02-09,2281.4
2016-02-10,2268.8
2016-02-11,2197.95
2016-02-12,2226.6
2016-02-15,2269.15
2016-02-16,2265.55
2016-02-17,2275.55
2016-02-18,2315.85
2016-02-19,2319.65
2016-02-22,2315.9
2016-02-23,2264.0
2016-02-24,2210.95
2016-02-25,2212.85
2016-02-26,2210.5
2016-02-29,2176.8
2016-03-01,2276.65
2016-03-02,2318.85
2016-03-03,2373.15
2016-03-04,2357.55
2016-03-08,2354.3
2016-03-09,2357.25
2016-03-10,2348.3
2016-03-11,2365.25
2016-03-14,2355.0
2016-03-15,2329.9
2016-03-16,2327.05
2016-03-17,2352.05
2016-03-18,2425.85
2016-03-21,2446.25
2016-03-22,2473.1
2016-03-23,2473.8
2016-03-28,2473.4
2016-03-29,2469.4
2016-03-30,2489.5
2016-03-31,2520.3
2016-04-01,2453.9
2016-04-04,2471.25
2016-04-05,2462.75
2016-04-06,2481.9
2016-04-07,2470.8
2016-04-08,2432.05
2016-04-11,2506.65
2016-04-12,2518.15
2016-04-13,2526.2
2016-04-18,2519.75
2016-04-20,2450.35
2016-04-21,2424.4
2016-04-22,2417.05
2016-04-25,2451.25
2016-04-26,2489.8
2016-04-27,2511.1
2016-04-28,2527.75
2016-04-29,2535.5
2016-05-02,2526.7
2016-05-03,2478.1
2016-05-04,2478.0
2016-05-05,2470.3
2016-05-06,2473.4
2016-05-09,2512.55
2016-05-10,2522.9
2016-05-11,2518.3
2016-05-12,2566.2
2016-05-13,2523.4
2016-05-16,2551.15
2016-05-17,2570.2
2016-05-18,2551.1
2016-05-19,2556.95
2016-05-20,2529.3
2016-05-23,2491.45
2016-05-24,2467.7
2016-05-25,2526.45
2016-05-26,2548.7
2016-05-27,2572.65
2016-05-30,2636.4
2016-05-31,2569.4
2016-06-01,2633.55
2016-06-02,2650.15
2016-06-03,2629.55
2016-06-06,2612.5
2016-06-07,2631.15
2016-06-08,2613.1
2016-06-09,2577.25
2016-06-10,2555.75
2016-06-13,2547.0
2016-06-14,2534.85
2016-06-15,2556.85
2016-06-16,2558.3
2016-06-17,2602.6
2016-06-20,2659.3
2016-06-21,2651.2
2016-06-22,2667.65
2016-06-23,2645.35
2016-06-24,2573.95
2016-06-27,2495.85
2016-06-28,2463.95
2016-06-29,2502.9
2016-06-30,2553.1
2016-07-01,2500.85
2016-07-04,2494.2
2016-07-05,2485.3
2016-07-07,2429.8
2016-07-08,2426.6
2016-07-11,2464.15
2016-07-12,2464.95
2016-07-13,2493.1
2016-07-14,2521.9
2016-07-15,2445.35
2016-07-18,2433.45
2016-07-19,2466.2
2016-07-20,2494.95
2016-07-21,2506.05
2016-07-22,2515.1
2016-07-25,2558.95
2016-07-26,2552.6
2016-07-27,2577.55
2016-07-28,2619.25
2016-07-29,2619.3
2016-08-01,2708.25
2016-08-02,2699.2
2016-08-03,2656.3
2016-08-04,2652.0
2016-08-05,2649.1
2016-08-08,2649.5
2016-08-09,2650.2
2016-08-10,2675.4
2016-08-11,2709.9
2016-08-12,2738.45
2016-08-16,2691.7
2016-08-17,2624.55
2016-08-18,2638.55
2016-08-19,2603.5
2016-08-22,2548.7
2016-08-23,2601.05
2016-08-24,2572.05
2016-08-25,2551.05
2016-08-26,2524.95
2016-08-29,2500.55
2016-08-30,2544.15
2016-08-31,2511.3
2016-09-01,2507.5
2016-09-02,2514.8
2016-09-06,2484.05
2016-09-07,2440.55
2016-09-08,2322.1
2016-09-09,2352.45
2016-09-12,2359.05
2016-09-14,2328.45
2016-09-15,2326.95
2016-09-16,2361.7
2016-09-19,2411.45
2016-09-20,2406.5
2016-09-21,2413.4
2016-09-22,2378.0
2016-09-23,2398.1
2016-09-26,2401.1
2016-09-27,2436.1
2016-09-28,2423.05
2016-09-29,2437.8
2016-09-30,2430.8
2016-10-03,2411.7
2016-10-04,2405.15
2016-10-05,2386.35
2016-10-06,2388.75
2016-10-07,2367.8
2016-10-10,2380.3
2016-10-13,2328.9
2016-10-14,2366.2
2016-10-17,2362.45
2016-10-18,2400.2
2016-10-19,2395.1
2016-10-20,2401.15
2016-10-21,2428.65
2016-10-24,2427.7
2016-10-25,2398.45
2016-10-26,2396.25
2016-10-27,2418.1
2016-10-28,2398.7
2016-10-30,2391.05
2016-11-01,2350.0
2016-11-02,2304.05
2016-11-03,2319.45
2016-11-04,2330.55
2016-11-07,2277.05
2016-11-08,2283.2
2016-11-09,2169.85
2016-11-10,2155.45
2016-11-11,2101.15
2016-11-15,2121.3
2016-11-16,2189.6
2016-11-17,2137.2
2016-11-18,2125.1
2016-11-21,2132.9
2016-11-22,2135.0
2016-11-23,2156.35
2016-11-24,2188.45
2016-11-25,2300.35
2016-11-28,2282.6
2016-11-29,2259.85
2016-11-30,2276.05
2016-12-01,2263.45
2016-12-02,2221.85
2016-12-05,2186.0
2016-12-06,2182.35
2016-12-07,2154.55
2016-12-08,2195.75
2016-12-09,2195.25
2016-12-12,2208.2
2016-12-13,2200.3
2016-12-14,2207.6
2016-12-15,2259.3
2016-12-16,2282.65
2016-12-19,2288.9
2016-12-20,2339.3
2016-12-21,2313.6
2016-12-22,2307.7
2016-12-23,2288.1
2016-12-26,2293.1
2016-12-27,2323.4
2016-12-28,2313.4
2016-12-29,2351.7
2016-12-30,2365.55
2017-01-02,2361.35
2017-01-03,2368.25
2017-01-04,2379.5
2017-01-05,2334.4
2017-01-06,2281.4
2017-01-09,2303.7
2017-01-10,2315.35
2017-01-11,2324.4
2017-01-12,2344.35
2017-01-13,2249.3
2017-01-16,2258.55
2017-01-17,2278.75
2017-01-18,2295.1
2017-01-19,2291.0
2017-01-20,2285.35
2017-01-23,2306.7
2017-01-24,2318.35
2017-01-25,2353.0
2017-01-27,2357.8
2017-01-30,2332.9
2017-01-31,2229.8
2017-02-01,2167.9
2017-02-02,2207.65
2017-02-03,2232.55
2017-02-06,2240.75
2017-02-07,2244.6
2017-02-08,2270.95
2017-02-09,2317.3
2017-02-10,2397.95
2017-02-13,2414.25
2017-02-14,2406.25
2017-02-15,2413.7
2017-02-16,2447.75
2017-02-17,2407.9
2017-02-20,2502.2
2017-02-21,2465.35
2017-02-22,2411.5
2017-02-23,2481.8
2017-02-27,2489.85
2017-02-28,2466.25
2017-03-01,2479.55
2017-03-02,2501.45
2017-03-03,2494.05
2017-03-06,2472.5
2017-03-07,2499.8
2017-03-08,2512.2
2017-03-09,2519.75
2017-03-10,2542.25
2017-03-14,2567.5
2017-03-15,2498.3
2017-03-16,2520.9
2017-03-17,2525.75
2017-03-20,2480.0
2017-03-21,2486.7
2017-03-22,2478.95
2017-03-23,2460.35
2017-03-24,2427.2
2017-03-27,2412.05
2017-03-28,2429.95
2017-03-29,2444.6
2017-03-30,2441.0
2017-03-31,2431.8
2017-04-03,2411.7
2017-04-05,2401.25
2017-04-06,2400.05
2017-04-07,2429.05
2017-04-10,2422.25
2017-04-11,2419.3
2017-04-12,2393.25
2017-04-13,2328.65
2017-04-17,2314.85
2017-04-18,2308.8
2017-04-19,2299.15
2017-04-20,2325.5
2017-04-21,2310.8
2017-04-24,2328.1
2017-04-25,2311.5
2017-04-26,2310.35
2017-04-27,2302.65
2017-04-28,2273.15
2017-05-02,2289.9
2017-05-03,2337.3
2017-05-04,2330.1
2017-05-05,2320.5
2017-05-08,2342.45
2017-05-09,2352.55
2017-05-10,2332.45
2017-05-11,2349.45
2017-05-12,2360.65
2017-05-15,2365.1
2017-05-16,2429.15
2017-05-17,2455.35
2017-05-18,2536.2
2017-05-19,2507.15
2017-05-22,2531.35
2017-05-23,2521.7
2017-05-24,2559.15
2017-05-25,2624.6
2017-05-26,2578.25
2017-05-29,2572.85
2017-05-30,2551.1
2017-05-31,2546.6
2017-06-01,2553.6
2017-06-02,2564.9
2017-06-05,2603.95
2017-06-06,2696.0
2017-06-07,2615.25
2017-06-08,2521.6
2017-06-09,2507.0
2017-06-12,2487.2
2017-06-13,2451.55
2017-06-14,2470.2
2017-06-15,2411.2
2017-06-16,2399.7
2017-06-19,2431.7
2017-06-20,2445.0
2017-06-21,2406.3
2017-06-22,2394.85
2017-06-23,2361.7
2017-06-27,2342.85
2017-06-28,2350.05
2017-06-29,2333.25
2017-06-30,2362.35
2017-07-03,2373.6
2017-07-04,2366.85
2017-07-05,2356.0
2017-07-06,2347.55
2017-07-07,2331.95
2017-07-10,2434.95
2017-07-11,2475.8
2017-07-12,2439.45
2017-07-13,2446.4
2017-07-14,2397.45
2017-07-17,2395.45
2017-07-18,2408.35
2017-07-19,2449.6
2017-07-20,2444.7
2017-07-21,2491.2
2017-07-24,2530.7
2017-07-25,2571.5
2017-07-26,2556.0
2017-07-27,2481.7
2017-07-28,2484.3
2017-07-31,2491.8
2017-08-01,2501.65
2017-08-02,2473.8
2017-08-03,2489.45
2017-08-04,2522.8
2017-08-07,2503.45
2017-08-08,2503.05
2017-08-09,2512.0
2017-08-10,2511.45
2017-08-11,2496.05
2017-08-14,2469.4
2017-08-16,2492.35
2017-08-17,2485.65
2017-08-18,2513.8
2017-08-21,2528.8
2017-08-22,2497.55
2017-08-23,2489.45
2017-08-24,2496.6
2017-08-28,2487.3
2017-08-29,2470.85
2017-08-30,2484.55
2017-08-31,2496.35
2017-09-01,2456.45
2017-09-04,2456.2
2017-09-05,2484.35
2017-09-06,2453.2
2017-09-07,2460.1
2017-09-08,2470.6
2017-09-11,2454.45
2017-09-12,2488.45
2017-09-13,2489.2
2017-09-14,2486.95
2017-09-15,2506.05
2017-09-18,2499.05
2017-09-19,2498.25
2017-09-20,2493.55
2017-09-21,2524.9
2017-09-22,2503.6
2017-09-25,2510.75
2017-09-26,2474.65
2017-09-27,2495.0
2017-09-28,2476.45
2017-09-29,2435.95
2017-10-03,2448.45
2017-10-04,2442.3
2017-10-05,2429.6
2017-10-06,2446.65
2017-10-09,2454.1
2017-10-10,2459.25
2017-10-11,2500.35
2017-10-12,2548.2
2017-10-13,2558.6
2017-10-16,2584.4
2017-10-17,2594.55
2017-10-18,2586.6
2017-10-19,2583.9
2017-10-23,2587.9
2017-10-24,2578.4
2017-10-25,2559.9
2017-10-26,2538.85
2017-10-27,2584.3
2017-10-30,2616.2
2017-10-31,2624.0
2017-11-01,2602.85
2017-11-02,2626.15
2017-11-03,2620.1
2017-11-06,2665.55
2017-11-07,2710.05
2017-11-08,2735.0
2017-11-09,2736.4
2017-11-10,2708.75
2017-11-13,2758.95
2017-11-14,2714.6
2017-11-15,2705.3
2017-11-16,2746.65
2017-11-17,2707.3
2017-11-20,2703.45
2017-11-21,2672.95
2017-11-22,2680.65
2017-11-23,2681.25
2017-11-24,2688.05
2017-11-27,2685.85
2017-11-28,2685.3
2017-11-29,2658.15
2017-11-30,2637.0
2017-12-01,2629.95
2017-12-04,2632.35
2017-12-05,2635.55
2017-12-06,2633.3
2017-12-07,2617.25
2017-12-08,2601.5
2017-12-11,2661.1
2017-12-12,2612.15
2017-12-13,2628.4
2017-12-14,2557.8
2017-12-15,2545.6
2017-12-18,2580.5
2017-12-19,2575.3
2017-12-20,2588.95
2017-12-21,2595.7
2017-12-22,2646.75
2017-12-26,2649.45
2017-12-27,2619.9
2017-12-28,2626.95
2017-12-29,2701.2
2018-01-01,2645.6
2018-01-02,2631.2
2018-01-03,2638.65
2018-01-04,2657.1
2018-01-05,2689.2
2018-01-08,2714.4
2018-01-09,2709.0
2018-01-10,2806.6
2018-01-11,2790.5
2018-01-12,2776.35
2018-01-15,2746.1
2018-01-16,2850.85
2018-01-17,2888.95
2018-01-18,2918.2
2018-01-19,2959.3
2018-01-22,3116.4
2018-01-23,3102.0
2018-01-24,3174.6
2018-01-25,3121.05
2018-01-29,3198.85
2018-01-30,3152.85
2018-01-31,3112.35
2018-02-01,3138.6
2018-02-02,3153.65
2018-02-05,3103.2
2018-02-06,2997.25
2018-02-07,2955.05
2018-02-08,2974.2
2018-02-09,2971.7
2018-02-12,2967.3
2018-02-14,2911.8
2018-02-15,2925.85
2018-02-16,2933.05
2018-02-19,2923.6
2018-02-20,2944.75
2018-02-21,3042.3
2018-02-22,3050.2
2018-02-23,3075.8
2018-02-26,3031.7
2018-02-27,3042.35
2018-02-28,3035.05
2018-03-01,3037.7
2018-03-05,3105.85
2018-03-06,3042.8
2018-03-07,3027.45
2018-03-08,3003.95
2018-03-09,3034.1
2018-03-12,3052.15
2018-03-13,2886.8
2018-03-14,2886.9
2018-03-15,2869.7
2018-03-16,2825.7
2018-03-19,2831.0
2018-03-20,2864.85
2018-03-21,2856.75
2018-03-22,2831.35
2018-03-23,2818.15
2018-03-26,2817.0
2018-03-27,2847.7
2018-03-28,2849.15
2018-04-02,2909.65
2018-04-03,2911.25
2018-04-04,2910.9
2018-04-05,2957.95
2018-04-06,2950.3
2018-04-09,2923.9
2018-04-10,2937.6
2018-04-11,3014.15
2018-04-12,3139.25
2018-04-13,3153.3
2018-04-16,3187.65
2018-04-17,3166.6
2018-04-18,3159.1
2018-04-19,3191.15
2018-04-20,3402.45
2018-04-23,3408.65
2018-04-24,3385.65
2018-04-25,3470.25
2018-04-26,3539.25
2018-04-27,3451.95
2018-04-30,3532.1
2018-05-02,3499.75
2018-05-03,3481.85
2018-05-04,3480.75
2018-05-07,3420.95
2018-05-08,3441.2
2018-05-09,3489.3
2018-05-10,3451.25
2018-05-11,3456.95
2018-05-14,3433.55
2018-05-15,3482.4
2018-05-16,3493.9
2018-05-17,3491.8
2018-05-18,3502.05
2018-05-21,3556.75
2018-05-22,3508.9
2018-05-23,3495.1
2018-05-24,3603.7
2018-05-25,3585.8
2018-05-28,3502.05
2018-05-29,3523.5
2018-05-30,3514.1
2018-05-31,1741.05
2018-06-01,1732.45
2018-06-04,1744.25
2018-06-05,1721.6
2018-06-06,1725.75
2018-06-07,1735.55
2018-06-08,1747.1
2018-06-11,1749.7
2018-06-12,1781.0
2018-06-13,1824.1
2018-06-14,1787.55
2018-06-15,1840.05
2018-06-18,1829.0
2018-06-19,1824.5
2018-06-20,1822.45
2018-06-21,1819.35
2018-06-22,1809.8
2018-06-25,1819.25
2018-06-26,1852.0
2018-06-27,1858.0
2018-06-28,1842.7
2018-06-29,1847.75
2018-07-02,1851.35
2018-07-03,1874.05
2018-07-04,1866.15
2018-07-05,1880.3
2018-07-06,1912.95
2018-07-09,1883.0
2018-07-10,1875.1
2018-07-11,1979.9
2018-07-12,1971.35
2018-07-13,1981.1
2018-07-16,1989.2
2018-07-17,2002.15
2018-07-18,2000.25
2018-07-19,1981.4
2018-07-20,1996.6
2018-07-23,2005.65
2018-07-24,1999.0
2018-07-25,1981.5
2018-07-26,1964.7
2018-07-27,1943.75
2018-07-30,1944.6
2018-07-31,1940.2
2018-08-01,1976.5
2018-08-02,1948.4
2018-08-03,1979.45
2018-08-06,1975.55
2018-08-07,1967.35
2018-08-08,1974.0
2018-08-09,1974.35
2018-08-10,1993.1
2018-08-13,2000.15
2018-08-14,2003.55
2018-08-16,2008.5
2018-08-17,2012.75
2018-08-20,2009.95
2018-08-21,2017.65
2018-08-23,2035.1
2018-08-24,2043.0
2018-08-27,2050.9
2018-08-28,2069.2
2018-08-29,2072.0
2018-08-30,2082.4
2018-08-31,2078.4
2018-09-03,2052.9
2018-09-04,2098.9
2018-09-05,2079.25
2018-09-06,2075.3
2018-09-07,2079.85
2018-09-10,2080.75
2018-09-11,2046.25
2018-09-12,2043.95
2018-09-14,2065.4
2018-09-17,2074.15
2018-09-18,2070.75
2018-09-19,2077.9
2018-09-21,2103.15
2018-09-24,2198.45
2018-09-25,2183.2
2018-09-26,2142.15
2018-09-27,2188.85
2018-09-28,2183.7
2018-10-01,2255.55
2018-10-03,2162.85
2018-10-04,2064.8
2018-10-05,2102.65
2018-10-08,2077.55
2018-10-09,2091.8
2018-10-10,2043.6
2018-10-11,1979.95
2018-10-12,1918.3
2018-10-15,1949.5
2018-10-16,1962.3
2018-10-17,1929.4
2018-10-19,1913.2
2018-10-22,1903.0
2018-10-23,1843.65
2018-10-24,1848.5
2018-10-25,1853.0
2018-10-26,1799.1
2018-10-29,1871.0
2018-10-30,1894.8
2018-10-31,1938.15
2018-11-01,1935.75
2018-11-02,1913.45
2018-11-05,1890.85
2018-11-06,1932.7
2018-11-07,1942.15
2018-11-09,1909.2
2018-11-12,1914.85
2018-11-13,1934.95
2018-11-14,1880.65
2018-11-15,1872.85
2018-11-16,1886.6
2018-11-19,1902.45
2018-11-20,1878.25
2018-11-21,1812.0
2018-11-22,1812.55
2018-11-26,1846.1
2018-11-27,1890.25
2018-11-28,1983.9
2018-11-29,1960.55
2018-11-30,1968.25
2018-12-03,1982.4
2018-12-04,2010.85
2018-12-05,2006.75
2018-12-06,1992.7
2018-12-07,1995.2
2018-12-10,1975.8
2018-12-11,2000.0
2018-12-12,2016.8
2018-12-13,1982.6
2018-12-14,1989.75
2018-12-17,1994.3
2018-12-18,1987.85
2018-12-19,1968.45
2018-12-20,1954.05
2018-12-21,1895.8
2018-12-24,1918.5
2018-12-26,1889.2
2018-12-27,1908.95
2018-12-28,1896.05
2018-12-31,1893.05
2019-01-01,1902.8
2019-01-02,1923.3
2019-01-03,1899.95
2019-01-04,1876.85
2019-01-07,1897.9
2019-01-08,1893.55
2019-01-09,1886.95
2019-01-10,1888.55
2019-01-11,1842.55
2019-01-14,1813.25
2019-01-15,1867.8
2019-01-16,1870.15
2019-01-17,1894.3
2019-01-18,1900.65
2019-01-21,1908.7
2019-01-22,1901.9
2019-01-23,1875.6
2019-01-24,1901.55
2019-01-25,1920.8
2019-01-28,1955.0
2019-01-29,1982.75
2019-01-30,1981.4
2019-01-31,2014.1
2019-02-01,2029.95
2019-02-04,2050.25
2019-02-05,2044.55
2019-02-06,2074.8
2019-02-07,2082.9
2019-02-08,2061.4
2019-02-11,2065.9
2019-02-12,2051.6
2019-02-13,2065.4
2019-02-14,2044.6
2019-02-15,2029.7
2019-02-18,1970.3
2019-02-19,1904.8
2019-02-20,1914.75
2019-02-21,1914.2
2019-02-22,1925.65
2019-02-25,1985.15
2019-02-26,2038.7
2019-02-27,2058.1
2019-02-28,1983.45
2019-03-01,1995.4
2019-03-05,1988.1
2019-03-06,1999.6
2019-03-07,2013.3
2019-03-08,2022.7
2019-03-11,2014.8
2019-03-12,2012.45
2019-03-13,2000.5
2019-03-14,1987.4
2019-03-15,2039.95
2019-03-18,2022.8
2019-03-19,2022.8
2019-03-20,2015.05
2019-03-22,2005.65
2019-03-25,1984.25
2019-03-26,1982.65
2019-03-27,1967.9
2019-03-28,2000.3
2019-03-29,2001.65
2019-04-01,2031.65
2019-04-02,2079.3
2019-04-03,2079.3
2019-04-04,2014.5
2019-04-05,2048.3
2019-04-08,2070.75
2019-04-09,2091.5
2019-04-10,2040.25
2019-04-11,2019.5
2019-04-12,2014.5
2019-04-15,2113.3
2019-04-16,2131.8
2019-04-18,2150.05
2019-04-22,2161.45
2019-04-23,2155.05
2019-04-24,2183.45
2019-04-25,2195.0
2019-04-26,2238.55
2019-04-30,2260.35
2019-05-02,2215.4
2019-05-03,2132.0
2019-05-06,2157.85
2019-05-07,2151.95
2019-05-08,2152.85
2019-05-09,2172.55
2019-05-10,2135.8
2019-05-13,2128.75
2019-05-14,2092.35
2019-05-15,2095.4
2019-05-16,2108.75
2019-05-17,2095.45
2019-05-20,2143.95
2019-05-21,2109.75
2019-05-22,2081.75
2019-05-23,2054.05
2019-05-24,2048.0
2019-05-27,2055.15
2019-05-28,2073.75
2019-05-29,2107.55
2019-05-30,2146.3
2019-05-31,2196.55
2019-06-03,2242.3
2019-06-04,2183.1
2019-06-06,2166.1
2019-06-07,2181.75
2019-06-10,2231.5
2019-06-11,2252.8
2019-06-12,2260.9
2019-06-13,2254.1
2019-06-14,2254.5
2019-06-17,2249.2
2019-06-18,2250.85
2019-06-19,2259.9
2019-06-20,2277.95
2019-06-21,2249.85
2019-06-24,2275.5
2019-06-25,2267.8
2019-06-26,2254.2
2019-06-27,2252.55
2019-06-28,2227.2
2019-07-01,2239.55
2019-07-02,2252.1
2019-07-03,2237.65
2019-07-04,2242.65
2019-07-05,2163.1
2019-07-08,2175.4
2019-07-09,2133.35
2019-07-10,2108.2
2019-07-11,2102.55
2019-07-12,2107.6
2019-07-15,2145.7
2019-07-16,2106.0
2019-07-17,2117.25
2019-07-18,2065.95
2019-07-19,2076.95
2019-07-22,2109.9
2019-07-23,2112.45
2019-07-24,2096.8
2019-07-25,2127.9
2019-07-26,2109.05
2019-07-29,2130.0
2019-07-30,2179.15
2019-07-31,2205.7
2019-08-01,2180.05
2019-08-02,2205.3
2019-08-05,2248.6
2019-08-06,2214.9
2019-08-07,2213.45
2019-08-08,2258.1
2019-08-09,2246.25
2019-08-13,2199.45
2019-08-14,2204.4
2019-08-16,2165.1
2019-08-19,2163.0
2019-08-20,2186.75
2019-08-21,2186.2
2019-08-22,2216.0
2019-08-23,2247.7
2019-08-26,2276.3
2019-08-27,2236.5
2019-08-28,2239.25
2019-08-29,2233.45
2019-08-30,2259.6
2019-09-03,2251.6
2019-09-04,2245.4
2019-09-05,2215.3
2019-09-06,2197.5
2019-09-09,2182.85
2019-09-11,2154.0
2019-09-12,2133.6
2019-09-13,2141.95
2019-09-16,2150.0
2019-09-17,2122.65
2019-09-18,2138.55
2019-09-19,2101.95
2019-09-20,2065.45
2019-09-23,2015.8
2019-09-24,2044.7
2019-09-25,2088.45
2019-09-26,2087.6
2019-09-27,2056.15
2019-09-30,2099.3
2019-10-01,2059.95
2019-10-03,2060.25
2019-10-04,2079.35
2019-10-07,2047.7
2019-10-09,2020.1
2019-10-10,2004.45
2019-10-11,1986.85
2019-10-14,2021.0
2019-10-15,2037.3
2019-10-16,2046.4
2019-10-17,2030.95
2019-10-18,2057.35
2019-10-22,2051.4
2019-10-23,2070.1
2019-10-24,2082.0
2019-10-25,2124.95
2019-10-27,2115.7
2019-10-29,2194.85
2019-10-30,2252.8
2019-10-31,2269.65
2019-11-01,2200.9
2019-11-04,2193.95
2019-11-05,2201.85
2019-11-06,2188.5
2019-11-07,2185.35
2019-11-08,2129.95
2019-11-11,2100.95
2019-11-13,2178.6
2019-11-14,2196.8
2019-11-15,2174.45
2019-11-18,2152.6
2019-11-19,2108.8
2019-11-20,2108.55
2019-11-21,2118.1
2019-11-22,2071.7
2019-11-25,2081.5
2019-11-26,2046.65
2019-11-27,2054.3
2019-11-28,2077.35
2019-11-29,2053.25
2019-12-02,2021.05
2019-12-03,2051.0
2019-12-04,2078.5
2019-12-05,2121.3
2019-12-06,2123.6
2019-12-09,2060.45
2019-12-10,2012.85
2019-12-11,2041.9
2019-12-12,2020.9
2019-12-13,2071.25
2019-12-16,2126.75
2019-12-17,2164.95
2019-12-18,2167.75
2019-12-19,2229.05
2019-12-20,2222.9
2019-12-23,2231.7
2019-12-24,2215.6
2019-12-26,2201.95
2019-12-27,2198.5
2019-12-30,2183.2
2019-12-31,2161.7
